,Sample #,Date,Time,Lat ,Long,Distance from LT,Salinity,Temperature ,pH,DO (% sat) ,TA (umol kg) Corrected ,DIC (umol Kg) Density and standard corrected,DIN uM,PO4 uM,pCO2 IN uatm,Omega aragonite,Revelle IN,DO mg/L predicted at 100% saturatiion ,AOU (umol/L),Equilibrium DIC from CO2Sys TCO2 in (mmol/kgSW) assuming CO2=400 at observed sal temp and TA,Equilibrium CO2 in (mmol/kgSW) at observed sal temp and TA and CO2=400,Ecxcess DIC (umol/kg),Excess CO2 (umol/kg),,,NH4 uM,NOx uM,DOC (umol/L),DO (mg/L),,,,,TA SE,DIC SE,DOC SE,,pH in,fCO2 in (matm),pCO2 in (matm),HCO3 in (mmol/kgSW),CO3 in (mmol/kgSW),CO2 in (mmol/kgSW),B Alk in (mmol/kgSW),OH in (mmol/kgSW),P Alk in (mmol/kgSW),Si Alk in (mmol/kgSW) ,Revelle in,WCa in,WAr in,xCO2 in (dry at 1 atm) (ppm),,t(oC) out,P (dbars) out,pH out,fCO2 out (matm),pCO2 out (matm),HCO3 out (mmol/kgSW),CO3 out (mmol/kgSW),CO2 out (mmol/kgSW),B Alk out (mmol/kgSW),OH out (mmol/kgSW),P Alk out (mmol/kgSW),Si Alk out (mmol/kgSW) ,Revelle out,WCa out,WAr out,xCO2 out (dry at 1 atm) (ppm)
Lizard Island,LI_WTS_ TR_1,9/17/17,01:40,-14.663874,145.451558,-0.5,33.1,23,7.89,96.9,2381.081782,2239.873,1.906,0.472,890.1,1.87,14.111,7.070146901,40.62040935,2094.4,12.037594,145.429318,14.750109,,,1.218,0.6879,,8.37,,,,,1.963983538,0.200,,,7.755,887.2,890.1,2095.6,117.453406,26.787703,47.0,2.828001,0.729105,0.0,14.111,2.86,1.87,915.0,,0.000,0.0,8.111,333.7,335.1,2110.8,107.8,21.2,53.3,0.6,0.7,0.0,15.008,2.61,1.63,337.1
Lizard Island,LI_WTS_ TR_2,9/17/17,1:45,-14.663874,145.451558,0,31.9,22.5,7.92,95.7,2406.155071,2274.105,1.817,0.407,914.9,1.81,14.632,7.183036204,36.78011864,2125.9,12.275295,148.185882,15.801625,,,1.238,0.5789,,8.36,,,,,1.963983538,1.347,,,7.752,911.9,914.9,2132.9,113.098651,28.076920,43.8,2.623498,0.611631,0.0,14.632,2.78,1.81,939.7,,0.000,0.0,8.100,350.1,351.6,2147.9,103.8,22.4,49.5,0.6,0.6,0.0,15.604,2.52,1.58,353.7
Lizard Island,LI_WTS_ TR_3,9/17/17,01:50,-14.663874,145.451558,0.5,33,22.4,8.01,96.6,2425.218731,2274.964,1.809,0.357,844.2,1.97,13.945,7.150117455,40.30882954,2136.5,12.236232,138.427546,13.588489,,,1.288,0.5209,,8.44,,,,,1.963983538,0.900,,,7.783,841.4,844.2,2125.2,123.892724,25.824720,48.8,2.849165,0.553393,0.0,13.945,3.02,1.97,867.0,,0.000,0.0,8.132,322.8,324.2,2140.1,114.3,20.5,55.3,0.7,0.5,0.0,14.759,2.77,1.73,326.1
Lizard Island,LI_WTS_ TR_4,9/17/17,1:55,-14.663874,145.451558,1,33.4,22.4,8,96.4,2444.282391,2285.456,1.683,0.348,819.2,2.05,13.672,7.133539873,40.20187898,2150.0,12.210258,135.410802,12.797293,,,1.228,0.4549,,8.42,,,,,1.963983538,,,,7.796,816.5,819.2,2131.0,129.408215,25.007550,51.0,2.960559,0.484336,0.0,13.672,3.14,2.05,841.3,,0.000,0.0,8.147,312.6,313.9,2145.9,119.7,19.8,57.8,0.7,0.5,0.0,14.430,2.89,1.81,315.8
Lizard Island,LI_WTS_ TR_5,9/17/17,02:00,-14.663874,145.451558,2,34,22.6,8.01,95.7,2379.692981,2195.832,1.711,0.381,691.0,2.25,12.636,7.083488051,38.6409984,2091.8,12.107178,104.023298,8.807984,,,1.218,0.4929,,8.32,,,,,1.963983538,0.150,,,7.849,688.7,691.0,2032.4,142.470119,20.915161,58.3,3.442125,0.530991,0.0,12.636,3.44,2.25,709.8,,0.000,0.0,8.205,259.9,261.1,2046.8,132.6,16.4,66.4,0.8,0.5,0.0,13.214,3.19,2.00,262.6
Lizard Island,LI_WTS_ TR_6,9/17/17,2:05,-14.663874,145.451558,4,34.2,23.3,8.14,96.3,2363.915552,2140.313,1.807,0.349,566.1,2.64,11.443,6.988341958,40.36431381,2071.9,11.874343,68.402246,4.929528,,,1.238,0.5689,,8.28,,,,,1.963983538,0.250,,,7.921,564.2,566.1,1956.8,166.757273,16.803871,68.7,4.341388,0.624837,0.0,11.443,4.03,2.64,582.2,,0.000,0.0,8.291,205.3,206.2,1971.0,156.3,13.0,78.7,1.0,0.6,0.0,11.865,3.76,2.36,207.5
Lizard Island,LI_WTS_ TR_7,9/17/17,02:10,-14.663874,145.451558,10,33.6,23.7,8.17,97.9,2347.165414,2114.273,1.836,0.371,532.0,2.75,11.179,6.963537253,43.63946085,2058.1,11.788812,56.180516,3.888959,,,1.278,0.5579,,8.36,,,,,1.963983538,1.400,,,7.943,530.2,532.0,1925.9,172.731660,15.677771,70.5,4.685344,0.617270,0.0,11.179,4.20,2.75,547.5,,0.000,0.0,8.320,189.4,190.2,1940.1,162.2,12.0,81.1,1.0,0.6,0.0,11.575,3.91,2.45,191.3
Lizard Island,LI_WTS_ TR_8,9/17/17,2:15,-14.663874,145.451558,20,33.7,23.8,8.17,97.8,2328.081441,2122.161,1.759,0.434,610.5,2.47,11.821,6.947390986,42.89403168,2041.0,11.752185,81.167339,6.186044,,,1.188,0.5709,,8.32,,,,,1.963983538,1.400,,,7.888,608.6,610.5,1949.1,155.117187,17.938229,64.0,4.177279,0.623963,0.0,11.821,3.77,2.47,628.5,,0.000,0.0,8.265,217.7,218.7,1963.6,144.8,13.8,73.4,0.9,0.6,0.0,12.310,3.49,2.19,220.0
Lizard Island,LI_WTS_ TR_9,9/17/17,12:35,-14.663874,145.451558,-0.5,33,30.1,8.08,105.2,2551.587998,2352.630337,1.739,0.39,936.4,2.65,12.460,6.279407501,55.3310156,2169.5,10.115317,183.114712,13.563535,,,1.098,0.6409,,8.05,,,,,1.963983538,0.9,,,7.766,933.5,936.4,2168.7,160.209835,23.678852,56.3,5.396569,0.701028,0.0,12.460,3.97,2.65,976.7,,0.000,0.0,8.232,262.4,263.6,2188.8,147.1,16.7,67.1,0.8,0.7,0.0,13.296,3.56,2.23,265.2
Lizard Island,LI_WTS_ TR_10,9/17/17,12:40,-14.663874,145.451558,0,32.5,26.9,8.17,104.3,2337.573998,2029.52795,1.997,0.36,399.9,3.63,9.612,6.634350852,54.23903587,2029.7,10.939347,-0.206059,-0.002021,,,1.458,0.5389,,8.37,,,,,1.963983538,0.3,,,8.047,398.7,399.9,1795.3,223.303721,10.937325,87.3,7.739618,0.623924,0.0,9.612,5.51,3.63,414.2,,0.000,0.0,8.477,123.5,124.1,1810.2,211.5,7.9,102.4,1.5,0.6,0.0,9.908,5.13,3.21,124.8
Lizard Island,LI_WTS_ TR_11,9/17/17,12:45,-14.663874,145.451558,0.5,34,27.2,8.17,104.1,2414.393293,2100.822843,1.881,0.414,439.3,3.68,9.665,6.545995057,55.75015447,2080.5,10.776894,20.334073,1.057676,,,1.198,0.6829,,8.33,,,,,1.963983538,0.7,,,8.019,437.9,439.3,1861.1,227.937265,11.834570,89.0,7.678887,0.786322,0.0,9.665,5.55,3.68,455.2,,0.000,0.0,8.454,134.5,135.1,1876.8,215.5,8.5,104.4,1.4,0.7,0.0,9.969,5.19,3.26,135.9
Lizard Island,LI_WTS_ TR_12,9/17/17,12:50,-14.663874,145.451558,1,33.9,27.4,8.17,104.4,2336.639417,2026.443561,1.839,0.422,418.8,3.61,9.522,6.528021501,61.6243281,2016.7,10.730377,9.695514,0.504701,,,1.268,0.5709,,8.5,,,,,1.963983538,0.95,,,8.024,417.5,418.8,1792.1,223.073302,11.235078,89.8,7.889419,0.658812,0.0,9.522,5.44,3.61,434.2,,0.000,0.0,8.462,127.3,127.8,1807.6,210.8,8.1,105.4,1.4,0.6,0.0,9.820,5.08,3.19,128.6
Lizard Island,LI_WTS_ TR_13,9/17/17,12:55,-14.663874,145.451558,2,34.2,26,8.18,104.6,2326.596381,2021.640004,1.890,0.385,405.8,3.50,9.595,6.671090471,59.02842277,2018.8,11.086996,2.849965,0.160503,,,1.308,0.5819,,8.56,,,,,1.963983538,0.3,,,8.034,404.5,405.8,1791.9,218.519134,11.247499,89.9,7.173835,0.667701,0.0,9.595,5.30,3.50,419.4,,0.000,0.0,8.450,130.5,131.1,1806.8,206.6,8.2,104.5,1.4,0.6,0.0,9.876,4.97,3.12,131.9
Lizard Island,LI_WTS_ TR_14,9/17/17,13:00,-14.663874,145.451558,4,34.3,26,8.17,104.4,2337.465419,2024.168192,1.995,0.375,395.0,3.59,9.484,6.667319953,60.08375146,2027.1,11.081280,-2.882223,-0.137414,,,1.378,0.6169,,8.59,,,,,1.963983538,0.8,,,8.045,393.8,395.0,1789.0,224.201303,10.943866,92.0,7.368058,0.710126,0.0,9.484,5.44,3.59,408.3,,0.000,0.0,8.461,126.9,127.5,1803.9,212.2,8.0,107.0,1.4,0.7,0.0,9.756,5.10,3.20,128.3
Lizard Island,LI_WTS_ TR_15,9/17/17,13:05,-14.663874,145.451558,10,34.3,25.7,8.18,103.7,2331.318613,2021.640004,1.880,0.371,394.9,3.54,9.531,6.701192628,58.71273038,2024.6,11.164155,-2.954722,-0.141675,,,1.238,0.6419,,8.58,,,,,1.963983538,0.572756493,,,8.044,393.7,394.9,1789.1,221.504912,11.022481,91.3,7.165018,0.737519,0.0,9.531,5.37,3.54,408.0,,0.000,0.0,8.456,128.5,129.1,1803.9,209.7,8.1,106.0,1.4,0.7,0.0,9.802,5.04,3.17,129.8
Lizard Island,LI_WTS_ TR_16,9/17/17,13:10,-14.663874,145.451558,20,34.3,25.8,8.19,103.9,2336.950624,2018.879223,1.843,0.408,383.1,3.64,9.410,6.689865747,58.12919541,2028.3,11.136410,-9.410694,-0.471591,,,1.238,0.6049,,8.55,,,,,1.963983538,0.03,,,8.056,381.9,383.1,1781.0,227.237364,10.664819,93.4,7.423040,0.697620,0.0,9.410,5.51,3.64,395.8,,0.000,0.0,8.470,124.0,124.5,1795.7,215.3,7.8,108.5,1.5,0.7,0.0,9.673,5.18,3.25,125.3
One Tree Island,OTI_BT1_-0.5,16/11/2017,1240,-23.506643,152.091408,-0.5,35,25.2,7.72,88.9,2231.363427,2104.283323,35.771,1.15,1240.9,1.37,14.831,6.731525523,18.70232741,1942.8,11.263708,161.483518,23.679307,,,1.618,34.1529,,7.33,,,,,1.315,0.252981,,,7.590,1237.0,1240.9,1983.3,86.038010,34.943016,38.1,2.435483,35.457406,0.0,14.831,2.07,1.37,1280.6,,0.000,0.0,7.966,439.0,440.9,2000.1,76.6,27.6,42.8,0.5,34.8,0.0,16.327,1.83,1.15,443.6
One Tree Island,OTI_BT1_0,16/11/2017,1247,-23.506643,152.091408,0,35.4,25.9,7.9,74.9,2212.82994,2118.254216,19.651,1.29,1433.4,1.25,15.336,6.637139968,-17.41062401,1919.8,11.045891,198.428654,28.538374,,,1.798,17.8529,,6.08,,,,,1.315,0.252981,,,7.532,1428.9,1433.4,2000.1,78.616511,39.584265,34.9,2.285082,18.386606,0.0,15.336,1.89,1.25,1481.3,,0.000,0.0,7.912,502.0,504.2,2018.0,68.7,31.5,38.8,0.4,18.1,0.0,17.106,1.64,1.03,507.2
One Tree Island,OTI_BT1_0.5,16/11/2017,1255,-23.506643,152.091408,0.5,35.9,28.1,8.18,146.6,2279.314183,2122.274853,9.111,0.628,1009.3,1.93,13.018,6.381845062,158.0673418,1953.2,10.445552,169.106762,15.910499,,,1.988,7.1229,,11.44,,,,,1.315,0.252981,,,7.683,1006.2,1009.3,1975.5,120.461141,26.356051,51.4,3.966569,7.600728,0.0,13.018,2.89,1.93,1047.8,,0.000,0.0,8.112,312.3,313.7,1993.8,109.0,19.5,59.6,0.7,7.4,0.0,14.012,2.60,1.64,315.5
One Tree Island,OTI_BT1_1,16/11/2017,1258,-23.506643,152.091408,1,35.6,27.6,8.24,145.5,2264.795258,2090.972968,2.979,0.46,849.6,2.14,12.351,6.444988369,156.7191135,1947.6,10.586909,143.394599,11.899428,,,1.998,0.9809,,11.46,,,,,1.315,0.252981,,,7.748,847.0,849.6,1934.8,133.689558,22.486337,57.2,4.386351,1.057538,0.0,12.351,3.22,2.14,881.1,,0.000,0.0,8.174,265.3,266.5,1952.2,122.2,16.6,66.5,0.8,1.0,0.0,13.117,2.92,1.84,268.1
One Tree Island,OTI_BT1_2,16/11/2017,1302,-23.506643,152.091408,2,35.8,27.8,8.24,142.1,2268.076361,2084.755344,2.370,0.405,814.5,2.23,12.057,6.416736184,147.6019943,1947.5,10.525701,137.290989,10.908118,,,1.638,0.7319,,11.14,,,,,1.315,0.252981,,,7.764,812.0,814.5,1923.8,139.548991,21.433819,59.8,4.648144,0.791980,0.0,12.057,3.35,2.23,845.1,,0.000,0.0,8.194,251.8,252.9,1941.1,127.9,15.8,69.7,0.8,0.8,0.0,12.764,3.05,1.92,254.4
One Tree Island,OTI_BT1_4,16/11/2017,1307,-23.506643,152.091408,4,35.9,27.4,8.24,140.4,2267.961137,2076.325353,2.856,0.479,767.5,2.30,11.834,6.455357831,145.7700678,1950.1,10.621625,126.236730,9.759313,,,1.908,0.9479,,11.12,,,,,1.315,0.252981,,,7.786,765.1,767.5,1911.8,144.163424,20.380938,62.1,4.730114,1.029355,0.0,11.834,3.46,2.30,795.6,,0.000,0.0,8.212,240.3,241.3,1928.8,132.5,15.0,72.3,0.8,1.0,0.0,12.478,3.16,1.99,242.8
One Tree Island,OTI_BT1_10,16/11/2017,1312,-23.506643,152.091408,10,35.9,28,8.24,161.5,2268.44203,2051.883169,2.324,0.426,683.1,2.55,11.155,6.392250055,193.9921858,1945.5,10.470381,106.389272,7.410420,,,1.568,0.7559,,12.6,,,,,1.315,0.252981,,,7.830,681.0,683.1,1874.4,159.585751,17.880800,68.5,5.509553,0.831034,0.0,11.155,3.83,2.55,709.0,,0.000,0.0,8.267,207.5,208.4,1891.4,147.6,13.0,80.2,0.9,0.8,0.0,11.689,3.52,2.22,209.7
One Tree Island,OTI_BT1_20,16/11/2017,1318,-23.506643,152.091408,20,35.8,27.5,8.23,139.9,2267.078245,2108.482465,2.134,0.403,931.2,2.00,12.807,6.448363773,143.1761321,1949.2,10.601538,159.306561,14.079397,,,1.528,0.6059,,11.03,,,,,1.315,0.252981,,,7.713,928.3,931.2,1958.8,125.001526,24.680935,53.6,4.025908,0.647430,0.0,12.807,3.00,2.00,965.5,,0.000,0.0,8.135,293.8,295.1,1976.5,113.6,18.4,62.1,0.7,0.6,0.0,13.689,2.71,1.71,296.8
One Tree Island,OTI_BT2_-0.5,11/17/17,0:30,-23.506643,152.091408,-0.5,36.6,23.7,7.97,89.0,2248.485734,2211.111615,31.991,1.04,2307.9,0.78,16.342,6.844476217,21.42261823,1960.4,11.604323,250.673138,55.348588,,,1.438,30.5529,,7.53,,,,,1.315,0.252981,,,7.338,2300.4,2307.9,2094.2,50.007020,66.952911,22.8,1.225684,30.308094,0.0,16.342,1.19,0.78,2375.2,,0.000,0.0,7.661,934.2,938.3,2111.5,41.5,58.2,23.8,0.2,30.1,0.0,18.592,0.99,0.62,943.9
One Tree Island,OTI_BT2_0,11/17/17,0:38,-23.506643,152.091408,0,35.3,23.8,7.82,55.0,2244.774662,2240.272687,30.011,1.17,2843.0,0.64,16.071,6.883829992,-70.11968725,1963.4,11.653815,276.897320,71.176439,,,1.658,28.3529,,4.64,,,,,1.315,0.252981,,,7.254,2833.8,2843.0,2116.9,40.579307,82.830254,18.1,0.996761,27.737967,0.0,16.071,0.97,0.64,2926.5,,0.000,0.0,7.564,1181.5,1186.7,2133.6,32.6,74.1,18.3,0.2,27.6,0.0,18.228,0.78,0.49,1193.8
One Tree Island,OTI_BT2_0.5,11/17/17,0:43,-23.506643,152.091408,0.5,36.5,23.3,7.93,49.6,2344.203739,2220.501098,5.841,0.653,1083.4,1.62,14.418,6.896287899,-83.00899685,2042.8,11.731154,177.670165,20.041549,,,1.688,4.1529,,4.24,,,,,1.315,0.252981,,,7.664,1079.8,1083.4,2085.1,103.627981,31.772703,45.0,2.497543,4.336927,0.0,14.418,2.46,1.62,1114.2,,0.000,0.0,8.019,407.8,409.6,2101.2,93.8,25.4,50.5,0.5,4.3,0.0,15.511,2.23,1.41,412.1
One Tree Island,OTI_BT2_1,11/17/17,0:47,-23.506643,152.091408,1,36.5,23.3,8.09,70.5,2282.261929,2139.754982,3.851,0.463,909.2,1.77,13.552,6.896287899,-27.38399685,1992.4,11.731154,147.361916,14.932815,,,1.888,1.9629,,6.02,,,,,1.315,0.252981,,,7.722,906.2,909.2,1999.5,113.556089,26.663969,50.7,2.853937,2.070305,0.0,13.552,2.69,1.77,935.0,,0.000,0.0,8.080,339.0,340.5,2014.8,103.8,21.1,57.2,0.6,2.0,0.0,14.404,2.47,1.55,342.6
One Tree Island,OTI_BT2_2,11/17/17,0:52,-23.506643,152.091408,2,36.4,23.2,8.10,71.0,2278.973266,2129.987091,3.701,0.439,865.0,1.83,13.333,6.912342941,-26.32321691,1991.1,11.767885,138.906037,13.680884,,,1.828,1.8729,,6.07,,,,,1.315,0.252981,,,7.740,862.2,865.0,1987.4,117.167984,25.448769,52.4,2.948361,1.981606,0.0,13.333,2.78,1.83,889.5,,0.000,0.0,8.099,322.9,324.4,2002.5,107.4,20.1,59.1,0.6,1.9,0.0,14.124,2.56,1.61,326.3
One Tree Island,OTI_BT2_4,11/17/17,0:57,-23.506643,152.091408,4,36.5,23.5,8.15,65.2,2272.012406,2118.973405,3.311,0.457,848.5,1.87,13.145,6.872270953,-41.63346729,1982.4,11.670521,136.598161,13.086973,,,1.918,1.3929,,5.54,,,,,1.315,0.252981,,,7.747,845.8,848.5,1974.6,119.657527,24.757494,53.6,3.078642,1.476565,0.0,13.145,2.84,1.87,873.0,,0.000,0.0,8.110,312.7,314.1,1989.8,109.7,19.5,60.7,0.7,1.4,0.0,13.910,2.61,1.64,316.0
One Tree Island,OTI_BT2_10,11/17/17,1:02,-23.506643,152.091408,10,36.6,23.5,8.18,84.1,2267.581115,2095.093552,3.331,0.558,752.5,2.04,12.497,6.868315805,8.8026311,1978.1,11.664377,116.971604,10.279439,,,2.088,1.2429,,7.15,,,,,1.315,0.252981,,,7.791,750.1,752.5,1942.3,130.823122,21.943816,58.9,3.419793,1.328751,0.0,12.497,3.10,2.04,774.2,,0.000,0.0,8.158,275.6,276.8,1957.2,120.7,17.2,66.9,0.7,1.3,0.0,13.125,2.87,1.81,278.5
One Tree Island,OTI_BT2_20,11/17/17,1:07,-23.506643,152.091408,20,36.6,23.5,8.19,86.2,2268.855766,2100.128,2.540,0.373,768.6,2.01,12.608,6.868315805,14.4276311,1979.3,11.664377,120.793283,10.748623,,,1.708,0.8319,,7.33,,,,,1.315,0.252981,,,7.784,766.1,768.6,1948.8,128.936827,22.413000,58.0,3.359326,0.887429,0.0,12.608,3.06,2.01,790.7,,0.000,0.0,8.150,281.8,283.0,1963.7,118.9,17.5,65.8,0.7,0.9,0.0,13.258,2.83,1.78,284.7
Lord Howe Island,LHI_LTS_-0.5,15/07/2018,16:02,-31.531084,159.066768,-0.5,32.9,17.6,7.93,93.1,2363.217436,2127.958248,6.722,0.750,408.4,2.69,11.326,7.821651115,33.07340267,2124.0,13.986164,3.925778,0.294419,,,1.838,4.884,31.18053069,8.88,,,,,0.403378234,1.329602071,0.330424286,,8.046,407.0,408.4,1940.9,172.826842,14.280583,72.6,3.333150,0.827690,0.0,11.326,4.19,2.69,416.5,,0.000,0.0,8.332,185.9,186.7,1951.4,164.7,11.8,80.5,1.0,0.8,0.0,11.595,3.99,2.50,187.8
Lord Howe Island,LHI_LTS_0,15/07/2018,16:11,-31.531084,159.066768,0,34.5,17.9,8.17,98.9,2363.655949,2076.736139,2.807,0.597,331.6,3.17,10.121,7.702304286,51.80299107,2114.1,13.744295,-37.410101,-2.350735,,,1.413,1.394,24.54061795,9.36,,,,,0.403378234,1.329602071,0.207800532,,8.116,330.4,331.6,1860.5,204.815110,11.393561,88.7,4.144786,0.670479,0.0,10.121,4.91,3.17,338.3,,0.000,0.0,8.409,148.6,149.2,1871.4,195.9,9.4,98.4,1.3,0.7,0.0,10.315,4.71,2.96,150.1
Lord Howe Island,LHI_LTS_0.5,15/07/2018,16:18,-31.531084,159.066768,0.5,34.7,18,8.2,99.9,2364.383482,2086.652058,2.644,0.547,350.3,3.07,10.294,7.678368529,55.98848347,2113.0,13.689865,-26.336711,-1.700299,,,1.420,1.224,38.52814574,9.47,,,,,0.403378234,1.329602071,0.44236495,,8.096,349.1,350.3,1875.9,198.763219,11.989565,86.3,4.006659,0.611529,0.0,10.294,4.76,3.07,357.5,,0.000,0.0,8.389,156.5,157.2,1886.9,189.9,9.9,95.9,1.2,0.6,0.0,10.499,4.56,2.86,158.1
Lord Howe Island,LHI_LTS_1,15/07/2018,16:27,-31.531084,159.066768,1,34.8,18,8.24,100.2,2362.440071,2102.195109,3.372,0.651,382.9,2.89,10.652,7.673769385,61.13220673,2110.8,13.682357,-8.555379,-0.584629,,,2.208,1.164,50.74641778,9.63,,,,,0.403378234,1.329602071,0.443831628,,8.063,381.6,382.9,1901.8,187.286007,13.097728,81.6,3.721275,0.721992,0.0,10.652,4.48,2.89,390.7,,0.000,0.0,8.356,171.4,172.2,1912.8,178.6,10.8,90.6,1.1,0.7,0.0,10.881,4.28,2.69,173.2
Lord Howe Island,LHI_LTS_2,15/07/2018,16:36,-31.531084,159.066768,2,34.4,18.1,8.25,103,2355.433826,2071.899847,1.777,0.518,336.5,3.14,10.164,7.6774939,63.51581562,2106.2,13.673167,-34.303766,-2.169378,,,1.320,0.457,42.36222701,9.71,,,,,0.403378234,1.329602071,1.874975571,,8.110,335.4,336.5,1857.8,202.591192,11.503789,87.7,4.155906,0.581590,0.0,10.164,4.86,3.14,343.4,,0.000,0.0,8.405,149.6,150.3,1868.8,193.7,9.4,97.5,1.3,0.6,0.0,10.362,4.66,2.92,151.1
Lord Howe Island,LHI_LTS_4,15/07/2018,16:44,-31.531084,159.066768,4,34.2,17.9,8.24,101.5,2359.928587,2073.390277,3.026,0.682,328.6,3.17,10.130,7.716171423,60.43214303,2112.4,13.766949,-39.051374,-2.456662,,,1.968,1.058,31.32623411,9.65,,,,,0.403378234,1.329602071,0.629854725,,8.120,327.5,328.6,1857.4,204.707961,11.310287,88.2,4.158380,0.766765,0.0,10.130,4.91,3.17,335.3,,0.000,0.0,8.412,147.2,147.9,1868.2,195.9,9.3,97.9,1.3,0.7,0.0,10.324,4.71,2.96,148.7
Lord Howe Island,LHI_LTS_10,15/07/2018,16:53,-31.531084,159.066768,10,35.4,18.1,8.24,109.3,2331.634519,2041.280138,2.391,0.683,327.8,3.16,9.939,7.631664707,90.8854779,2081.0,13.598415,-39.715956,-2.455756,,,1.698,0.693,38.319998,10.54,,,,,0.403378234,1.329602071,0.487113139,,8.112,326.6,327.8,1825.2,204.911403,11.142659,91.6,4.249009,0.766359,0.0,9.939,4.88,3.16,334.5,,0.000,0.0,8.407,145.8,146.5,1836.3,195.8,9.1,101.6,1.3,0.7,0.0,10.125,4.68,2.95,147.4
Lord Howe Island,LHI_LTS_20,15/07/2018,17:01,-31.531084,159.066768,20,34.6,18,8.24,112.6,2330.010026,2029.883929,2.384,0.678,304.2,3.28,9.785,7.68297043,92.71967407,2084.4,13.697377,-54.556257,-3.279249,,,1.708,0.676,42.29561974,10.65,,,,,0.403378234,1.329602071,0.307796007,,8.141,303.2,304.2,1807.4,212.035117,10.418128,93.3,4.439197,0.766550,0.0,9.785,5.08,3.28,310.4,,0.000,0.0,8.436,135.7,136.3,1818.3,203.0,8.5,103.5,1.4,0.7,0.0,9.962,4.88,3.06,137.1
Bali,NP_TR_1_-0.5,12/7/18,17:49,-8.676382,115.514758,-0.5,32.6,30.8,8.02,101.8,3331,1838.106725,2.244,0.53785,0.0,0.00,0.000,6.22364528,39.26108499,2771.0,9.974848,-932.934779,-9.974848,,,0.299,1.945,,7.48,,,,,,0.997032689,,,,,,,,,,,,,,,,,,,,,,,,,,,,,,,,,
Bali,NP_TR_1_0,12/7/18,17:51,-8.676382,115.514758,0,32.7,30.1,8.33,140.2,2232.280859,1837.346984,1.362,0.46085,277.0,4.57,8.169,6.289756089,130.3201222,1917.2,10.1,-79.815736,-3.113871,,,0.177,1.185,,10.46,,,,,5.19396215,0.997032689,,,8.151,276.2,277.0,1554.0,276.4,7.0,112.0,13.0,0.6,0.0,8.169,6.86,4.57,289.0,,0.000,0.0,8.634,74.5,74.8,1568.3,264.3,4.8,132.8,2.1,0.5,0.0,8.429,6.41,4.01,75.3
Bali,NP_TR_1_0.5,12/7/18,17:53,-8.676382,115.514758,0.5,32.7,30.1,8.19,138,2238.999548,1854.020761,1.880,0.45085,291.6,4.47,8.288,6.289756089,128.1326222,1922.6,10.1,-68.535147,-2.744373,,,0.042,1.837685,,10.39,,,,,5.19396215,0.997032689,,,8.135,290.8,291.6,1576.5,270.2,7.4,109.1,12.5,0.5,0.0,8.288,6.70,4.47,304.2,,0.000,0.0,8.617,78.6,78.9,1591.0,258.0,5.0,129.5,2.0,0.5,0.0,8.552,6.25,3.91,79.4
Bali,NP_TR_1_1,12/7/18,17:54,-8.676382,115.514758,1,32.7,29.6,8.32,140.1,2234.500927,1860.787519,1.748,0.43985,299.4,4.33,8.409,6.340298566,131.2406698,1923.0,10.2,-62.251909,-2.577760,,,0,1.747685,,10.54,,,,,5.19396215,0.997032689,,,8.126,298.5,299.4,1590.6,262.6,7.7,106.5,11.8,0.5,0.0,8.409,6.51,4.33,311.9,,0.000,0.0,8.601,82.4,82.7,1605.1,250.4,5.3,126.1,1.9,0.5,0.0,8.671,6.07,3.80,83.2
Bali,NP_TR_1_2,12/7/18,17:55,-8.676382,115.514758,2,32.6,29.7,8.3,144.4,2233.902233,1861.050896,1.963,0.41985,300.7,4.33,8.418,6.333615002,141.1370312,1922.3,10.2,-61.272590,-2.539481,,,0.035,1.927685,,10.85,,,,,5.19396215,0.997032689,,,8.125,299.8,300.7,1591.2,262.2,7.7,106.1,11.8,0.5,0.0,8.418,6.50,4.33,313.4,,0.000,0.0,8.601,82.4,82.8,1605.8,250.0,5.3,125.7,1.9,0.5,0.0,8.683,6.06,3.79,83.3
Bali,NP_TR_1_4,12/7/18,17:56,-8.676382,115.514758,4,32.7,29.8,8.29,142,2225.992375,1865.031938,1.667,0.42485,317.0,4.19,8.535,6.319990855,137.8127858,1914.6,10.2,-49.562667,-2.115973,,,0.0755,1.591185,,10.73,,,,,5.19396215,0.997032689,,,8.105,316.1,317.0,1603.0,253.9,8.1,103.2,11.4,0.5,0.0,8.535,6.30,4.19,330.5,,0.000,0.0,8.582,86.7,87.1,1617.8,241.7,5.5,122.5,1.9,0.5,0.0,8.806,5.86,3.66,87.6
Bali,NP_TR_1_10,12/7/18,17:57,-8.676382,115.514758,10,32.8,29.7,8.27,144.4,2225.691715,1874.148827,1.371,0.42985,330.6,4.08,8.649,6.326645909,141.3548153,1914.6,10.2,-40.452491,-1.773764,,,0.116,1.254685,,10.85,,,,,5.19396215,0.997032689,,,8.090,329.6,330.6,1618.1,247.6,8.4,100.9,11.0,0.5,0.0,8.649,6.13,4.08,344.5,,0.000,0.0,8.565,90.9,91.3,1633.0,235.3,5.8,119.7,1.8,0.5,0.0,8.925,5.70,3.57,91.9
Bali,NP_TR_1_20,12/7/18,17:58,-8.676382,115.514758,20,32.9,29.9,8.26,144,2218.798994,1885.372731,1.194,0.42185,361.1,3.89,8.866,6.302949502,142.4078281,1906.9,10.2,-21.522410,-0.989971,,,0.104,1.089685,,10.86,,,,,5.19396215,0.997032689,,,8.058,360.0,361.1,1640.8,235.4,9.2,96.3,10.4,0.5,0.0,8.866,5.83,3.89,376.4,,0.000,0.0,8.535,98.8,99.3,1656.0,223.1,6.3,114.5,1.7,0.5,0.0,9.159,5.40,3.38,99.9
Bali,NP_TR_2_-0.5,12/8/18,6:10,-8.676382,115.514758,-0.5,27,27.2,7.71,59.3,2966.00043,2912.967727,30.178,0.62085,2184.2,1.47,18.191,6.807923274,-66.49760232,2568.6,11.2,344.417434,49.819272,,,0,30.177685,,4.68,,,,,5.19396215,0.997032689,,,7.512,2177.4,2184.2,2764.1,87.9,61.0,23.5,2.1,0.6,0.0,18.191,2.27,1.47,2263.6,,0.000,0.0,7.900,739.5,742.7,2789.4,74.8,48.8,26.1,0.4,0.6,0.0,21.072,1.86,1.14,747.2
Bali,NP_TR_2_0,12/8/18,6:15,-8.676382,115.514758,0,28.9,27.6,7.41,33.4,2901.410575,2905.431098,6.878,0.40285,3185.0,1.05,17.904,6.690889384,-127.5277933,2499.6,11.0,405.794380,76.265612,,,0,6.877685,,2.61,,,,,5.19396215,0.997032689,,,7.342,3175.2,3185.0,2755.0,63.2,87.2,18.1,1.5,0.4,0.0,17.904,1.61,1.05,3303.5,,0.000,0.0,7.708,1134.7,1139.7,2781.0,50.4,74.0,19.0,0.2,0.4,0.0,21.065,1.24,0.77,1146.5
Bali,NP_TR_2_0.5,12/8/18,6:16,-8.676382,115.514758,0.5,29.1,27.7,7.52,32,2862.990619,2871.779646,6.368,0.45785,3264.2,1.01,17.765,6.672289994,-130.6965623,2466.5,10.9,405.321150,78.164560,,,0,6.367685,,2.49,,,,,5.19396215,0.997032689,,,7.326,3254.1,3264.2,2722.0,60.7,89.1,17.7,1.5,0.5,0.0,17.765,1.54,1.01,3386.3,,0.000,0.0,7.690,1166.1,1171.2,2747.7,48.1,76.0,18.4,0.2,0.5,0.0,20.898,1.18,0.73,1178.2
Bali,NP_TR_2_1,12/8/18,6:17,-8.676382,115.514758,1,29.4,27.7,7.48,30.8,2837.483052,2838.695468,4.778,0.37185,3102.0,1.04,17.790,6.66112069,-133.1600216,2444.1,10.9,394.592929,73.626369,,,0,4.777685,,2.4,,,,,5.19396215,0.997032689,,,7.342,3092.4,3102.0,2691.3,62.9,84.5,18.6,1.5,0.4,0.0,17.790,1.59,1.04,3218.1,,0.000,0.0,7.710,1099.5,1104.4,2717.0,50.2,71.5,19.5,0.2,0.4,0.0,20.935,1.23,0.76,1111.0
Bali,NP_TR_2_2,12/8/18,6:19,-8.676382,115.514758,2,29.5,27.8,7.58,35.2,2808.129372,2813.968438,4.138,0.38785,3180.0,1.01,17.683,6.64634674,-122.0733356,2418.9,10.9,395.048028,75.531480,,,0,4.137685,,2.74,,,,,5.19396215,0.997032689,,,7.327,3170.2,3180.0,2667.0,60.6,86.4,18.1,1.5,0.4,0.0,17.683,1.53,1.01,3299.7,,0.000,0.0,7.694,1129.9,1134.9,2692.5,48.0,73.4,18.9,0.2,0.4,0.0,20.812,1.18,0.73,1141.6
Bali,NP_TR_2_4,12/8/18,6:22,-8.676382,115.514758,4,29.5,27.5,7.55,39.7,2826.481087,2846.78924,5.101,0.69385,3471.5,0.93,17.493,6.679615035,-111.8629699,2436.4,10.9,410.437677,84.057750,,,0.053,5.047685,,3.1,,,,,5.19396215,0.997032689,,,7.293,3460.7,3471.5,2695.8,56.0,95.0,16.7,1.4,0.7,0.0,17.493,1.42,0.93,3599.8,,0.000,0.0,7.650,1264.8,1270.4,2720.8,43.8,82.2,17.2,0.2,0.7,0.0,20.488,1.08,0.67,1278.0
Bali,NP_TR_2_10,12/8/18,6:24,-8.676382,115.514758,10,30.6,27.8,7.56,34.6,2665.7009,2635.398964,3.129,0.44985,2437.5,1.17,17.505,6.6056721,-122.6772531,2297.6,10.8,337.812050,55.050199,,,0.061,3.067685,,2.68,,,,,5.19396215,0.997032689,,,7.412,2430.0,2437.5,2498.6,70.9,65.9,23.0,1.9,0.5,0.0,17.505,1.78,1.17,2529.2,,0.000,0.0,7.796,833.3,837.0,2523.1,58.5,53.8,24.8,0.3,0.5,0.0,20.470,1.43,0.89,842.0
Bali,NP_TR_2_20,12/8/18,6:25,-8.676382,115.514758,20,31.4,28,7.61,35.7,2509.655815,2501.573157,2.209,0.49585,2724.3,0.96,17.216,6.554571769,-118.2678678,2165.4,10.7,336.150550,62.243144,,,0.061,2.147685,,2.77,,,,,5.19396215,0.997032689,,,7.339,2715.9,2724.3,2370.1,58.5,73.0,20.5,1.6,0.5,0.0,17.216,1.46,0.96,2827.9,,0.000,0.0,7.714,951.4,955.6,2393.5,46.9,61.1,21.6,0.2,0.5,0.0,20.228,1.14,0.71,961.3
Heron Island,BT1- 1,10/10/11,13:50,,38.3,-0.5,33.3,25.3,7.824,92.8,2280.768812,1986.2766,8.560,0.46049621,294.0,3.76,10.028,6.784355879,27.98887877,1992.0,11.3,-5.720348,-2.560286,,,0.65450106,7.905573761,41.775,7.68,,,,,,,,,8.194,293.0,294.0,1752.4,225.1,8.8,69.9,7.7,0.5,0.0,10.028,5.94,3.76,303.5,,0.000,0.0,8.607,94.6,95.0,1763.6,216.3,6.4,82.4,1.7,0.5,0.0,10.330,5.45,3.29,95.6
Heron Island,BT1- 2,10/10/11,13:55,,38.4,0.5,33.4,25,7.857,99.2,2254.120672,1955.0685,5.260,0.356479139,320.0,3.60,9.705,6.817228722,43.21160244,1972.4,11.4,-17.342999,-2.043882,,,0.348119114,4.91235623,128.3333333,8.2,,,,,,,,,8.132,318.9,320.0,1726.3,219.4,9.4,81.2,7.3,0.4,0.0,9.705,5.56,3.60,330.1,,0.000,0.0,8.536,105.7,106.1,1738.9,209.3,6.9,94.7,1.6,0.4,0.0,9.980,5.17,3.19,106.8
Heron Island,BT1- 3,10/10/11,13:58,,38.3,1,33.3,25.7,8.001,123.9,2303.732882,1931.083,6.355,0.342241282,243.2,4.48,8.758,6.739288696,109.0847283,2007.7,11.2,-76.646858,-4.218979,,,0.758130038,5.597271306,45.35833333,10.23,,,,,,,,,8.234,242.5,243.2,1652.2,271.9,7.0,97.5,9.8,0.4,0.0,8.758,6.91,4.48,251.3,,0.000,0.0,8.653,77.3,77.7,1664.4,261.6,5.1,113.6,2.0,0.4,0.0,8.992,6.46,3.99,78.1
Heron Island,BT1- 4,10/10/11,14:00,,38.2,2,33.2,25.8,8.057,139.4,2317.549142,1910.2468,5.710,0.330528142,211.3,4.90,8.413,6.732913716,141.7839464,2018.9,11.2,-108.659328,-5.128558,,,0.750369466,4.959226656,113.75,11.27,,,,,,,,,8.284,210.7,211.3,1607.5,296.7,6.1,105.2,11.1,0.4,0.0,8.413,7.55,4.90,218.4,,0.000,0.0,8.706,66.6,66.9,1619.2,286.7,4.4,122.3,2.3,0.4,0.0,8.639,7.09,4.37,67.3
Heron Island,BT1- 5,10/10/11,14:10,,38.0,4,33.0,26.3,8.148,155.9,2360.010497,1866.0334,3.122,0.265421423,155.0,5.95,7.794,6.682483113,184.2974027,2050.2,11.1,-184.198534,-6.669937,,,0.610593502,2.511341001,121.3333333,12.58,,,,,,,,,8.391,154.5,155.0,1502.2,359.5,4.4,123.8,14.8,0.3,0.0,7.794,9.17,5.95,160.3,,0.000,0.0,8.825,47.4,47.6,1512.4,350.5,3.1,143.2,3.0,0.3,0.0,8.024,8.67,5.35,47.8
Heron Island,BT1- 6,10/10/11,13:28,,36.5,8.5,31.5,26.8,8.285,197.5,2392.99188,1824.7075,1.855,0.165556254,115.2,6.98,7.494,6.684385852,281.1129421,2081.7,11.0,-256.946064,-7.767255,,,1.038995624,0.815938087,,15.68,,,,,,,,,8.496,114.8,115.2,1403.4,418.0,3.3,134.3,19.0,0.2,0.0,7.494,10.82,6.98,119.3,,0.000,0.0,8.944,34.0,34.1,1410.7,411.7,2.2,154.7,3.9,0.2,0.0,7.758,10.25,6.28,34.3
Heron Island,BT1 (TS- 027),10/10/11,14:16,,39.3,15,34.3,25.7,8.216,163.6,2252.73,1880.415,1.575,0.367995337,238.1,4.39,8.615,6.701394579,214.6439194,1960.7,11.2,-80.298623,-4.343362,,,0.8481798,0.726495177,86.58333333,13.57,,,,,,,,,8.228,237.4,238.1,1605.9,267.7,6.8,101.1,9.9,0.4,0.0,8.615,6.75,4.39,246.0,,0.000,0.0,8.646,75.9,76.2,1618.3,257.2,4.9,117.6,2.0,0.4,0.0,8.842,6.33,3.92,76.7
Heron Island,BT2- 1,10/11/11,1:40,,,-0.5,33.9,22.3,7.67,74,2384.133101,2167.4114,7.260,0.47494715,569.4,2.57,11.716,7.124146945,-22.31709203,2098.2,12.2,69.162621,5.170297,,,0.292231575,6.967822542,93,6.41,,,,,,,,,7.923,567.5,569.4,1987.1,162.9,17.4,66.7,4.0,0.5,0.0,11.716,3.94,2.57,584.6,,0.000,0.0,8.278,215.1,216.0,2000.9,152.9,13.6,76.0,0.9,0.5,0.0,12.143,3.68,2.31,217.3
Heron Island,BT2- 2,10/11/11,1:42,,,0.5,33.9,22.3,7.66,74,2336.027769,2118.27,6.918,0.494618639,545.4,2.56,11.549,7.124146945,-22.31709203,2058.5,12.2,59.754619,4.436152,,,0.61878244,6.29957092,61.50833333,6.41,,,,,,,,,7.931,543.6,545.4,1939.5,162.1,16.6,67.7,4.0,0.5,0.0,11.549,3.92,2.56,559.9,,0.000,0.0,8.286,206.0,206.9,1953.1,152.2,13.0,77.2,1.0,0.5,0.0,11.957,3.67,2.30,208.1
Heron Island,BT2- 3,10/11/11,1:48,,,1,34.8,22.3,7.7144,80.5,2302.616741,2040.5693,5.262,0.36407912,429.4,2.96,10.369,7.088733401,-3.085418782,2026.5,12.2,14.085657,0.892375,,,0.422112275,4.839969443,23.1,6.99,,,,,,,,,8.011,428.0,429.4,1839.2,188.3,13.0,81.4,4.9,0.4,0.0,10.369,4.52,2.96,440.9,,0,0,8.368,161.3,162.0,1852.5,178.0,10.2,92.7,1.2,0.4,0.0,10.655,4.27,2.68,163.0
Heron Island,BT2- 4,10/11/11,1:52,,,2,34.7,22.3,7.746,77.8,2322.414177,2077.4831,5.311,0.367020319,475.8,2.80,10.803,7.091951252,-10.99847663,2043.2,12.2,34.249579,2.303287,,,0.756609337,4.554020576,67.65,6.74,,,,,,,,,7.977,474.2,475.8,1884.8,178.2,14.5,76.2,4.5,0.4,0.0,10.803,4.28,2.80,488.5,,0,0,8.333,179.1,179.9,1898.2,168.0,11.3,86.8,1.1,0.4,0.0,11.130,4.03,2.53,181.0
Heron Island,BT2- 5,10/11/11,1:55,,,4,34.7,22.3,7.81,80.9,2415.196327,2138.2515,3.195,0.313765567,437.2,3.17,10.377,7.091951252,-2.248476626,2119.7,12.2,18.561559,1.131002,,,0.67734013,2.518130609,99.33333333,7.02,,,,,,,,,8.022,435.8,437.2,1923.1,201.9,13.3,82.9,5.0,0.4,0.0,10.377,4.85,3.17,448.9,,0,0,8.381,163.8,164.5,1936.7,191.2,10.3,94.5,1.2,0.3,0.0,10.658,4.59,2.88,165.5
Heron Island,BT2- 6,10/11/11,1:40,,,8.5,34.0,22.3,7.877,74.5,2483.435675,2177.1211,1.357,0.204505349,395.1,3.54,10.030,7.120925985,-20.65393704,2179.8,12.2,-2.689447,-0.150585,,,0.653294495,0.703206323,134,6.46,,,,,,,,,8.071,393.8,395.1,1940.7,224.4,12.1,88.2,5.6,0.2,0.0,10.030,5.42,3.54,405.6,,0,0,8.432,147.2,147.9,1954.4,213.5,9.3,100.6,1.3,0.2,0.0,10.279,5.14,3.23,148.8
Heron Island,BT2 (LT4-2),10/11/11,1:45,,,15,34.7,22.3,7.916,85.5,2468.435675,2155.5534,1.609,0.407377057,386.0,3.57,9.860,7.091951252,10.56402337,2163.3,12.2,-7.769598,-0.426710,,,0.72837285,0.880614277,100.6666667,7.43,,,,,,,,,8.075,384.7,386.0,1916.6,227.2,11.7,91.3,5.7,0.5,0.0,9.860,5.46,3.57,396.3,,0,0,8.436,144.0,144.6,1930.3,216.2,9.1,104.0,1.4,0.4,0.0,10.098,5.19,3.26,145.5
Cook Islands,T1,2/19/11,16:15,,,5,33.31953923,27.1,8.162,136,2546.021156,2283.000611,92.670,1.129988702,607.9,3.23,10.978,6.581931549,113.0646391,2190.5,10.8,92.502564,5.634309,,,80.38986945,12.27980244,92.00,10.2,,,,,,,,,7.925,606.0,607.9,2066.9,199.6,16.5,72.6,6.0,1.3,0.0,10.978,4.89,3.23,629.8,,0,0,8.355,188.1,188.9,2083.8,187.3,11.9,85.4,1.1,1.2,0.0,11.420,4.53,2.84,190.0
Cook Islands,T2,2/19/11,16:30,,,20,34.90470781,26.3,8.31,150.7,2356.941649,2030.047217,155.639,1.033132528,388.8,3.72,9.304,6.611176851,177.7757234,2036.2,11.0,-6.155664,-0.306224,,,143.0739772,12.56537924,58.71,12.3,,,,,,,,,8.051,387.6,388.8,1786.6,232.8,10.7,95.8,7.8,1.2,0.0,9.304,5.62,3.72,402.1,,0,0,8.472,123.4,124.0,1801.7,220.5,7.8,111.5,1.5,1.1,0.0,9.566,5.29,3.32,124.7
Cook Islands,T3,2/19/11,16:10,,,50,36.15383564,25.9,8.462,178,2515.052486,2060.875142,149.357,0.742564004,266.5,5.09,8.165,6.608892936,224.0970957,2159.8,11.0,-98.923442,-3.672408,,,137.5766238,11.78004304,55.26,13.78,,,,,,,,,8.199,265.7,266.5,1731.7,321.8,7.3,128.0,10.8,0.9,0.0,8.165,7.68,5.09,275.4,,0,0,8.620,85.0,85.4,1746.7,308.9,5.3,147.6,2.1,0.8,0.0,8.356,7.36,4.63,85.9
Cook Islands,T4,2/19/11,16:35,,,100,37.13057705,25.7,8.544,187,2076.718383,1648.050235,54.117,0.677993221,191.0,4.40,7.454,6.594577621,250.1694493,1802.2,11.0,-154.160946,-5.747428,,,45.40671134,8.710092427,,14.6,,,,,,,,,8.238,190.4,191.0,1362.0,280.8,5.3,140.5,11.8,0.8,0.0,7.454,6.65,4.40,197.3,,0,0,8.653,61.8,62.1,1375.4,268.8,3.8,160.6,2.3,0.8,0.0,7.633,6.37,4.01,62.5
Cook Islands,T5,2/19/11,16:50,,,200,37.20051839,23.8,8.447,170,2174.604171,1782.732369,46.620,0.774849396,233.4,4.08,8.021,6.809085888,199.091066,1896.3,11.5,-113.577568,-4.806518,,,41.12305933,5.497353417,,13.18,,,,,,,,,8.192,232.6,233.4,1513.5,262.5,6.7,126.2,8.9,0.9,0.0,8.021,6.19,4.08,240.2,,0,0,8.577,81.8,82.2,1527.0,250.7,5.1,143.5,1.9,0.9,0.0,8.188,5.94,3.74,82.7
Cook Islands,T6,2/19/11,17:15,,,530,37.34047072,26.2,8.501,156,2279.286909,1834.229109,44.693,0.710278613,228.6,4.74,7.739,6.531831357,173.3802701,1961.0,10.9,-126.740374,-4.651286,,,43.97882734,0.713942002,,12.08,,,,,,,,,8.210,227.9,228.6,1526.0,302.1,6.2,136.8,11.6,0.9,0.0,7.739,7.14,4.74,236.4,,0,0,8.634,72.4,72.7,1540.4,289.3,4.5,157.2,2.2,0.8,0.0,7.924,6.85,4.32,73.1
Cook Islands,T7,2/19/11,18:00,,,580,37.62065405,26.5,8.434,119,2276.904628,1871.169513,16.064,0.903990962,275.3,4.33,8.074,6.489050756,91.59216387,1954.8,10.8,-83.594159,-3.354411,,,14.20744584,1.856249206,,9.42,,,,,,,,,8.147,274.4,275.3,1587.4,276.4,7.4,125.4,10.3,1.1,0.0,8.074,6.52,4.33,284.8,,0,0,8.574,86.5,86.9,1602.4,263.4,5.4,144.7,1.9,1.0,0.0,8.270,6.22,3.92,87.4
,,,,,,,,,,,,,,,,,,,,,,,,,,,,,,,,,,,,,,,,,,,,,,,,,,,,,,,,,,,,,,,,,,,,