,Sample #,Date,Time,Lat ,Long,Time since start (hours),Water Level m,pH from hydrolab,Rn (Bq/m3),Rn Bq UNC,Advection Rate cm/day,Advection Rate Unc,CO2 sst ,Salinity,Temperature ,pH,DO (% sat) ,TA (umol kg) Corrected ,DIC (umol Kg) Density and standard corrected,DIN,PO4 uM,pCO2 IN uatm,Omega aragonite,Revelle IN,DO mg/L predicted at 100% saturatiion ,AOU (umol/L),,Equilibrium DIC from CO2Sys TCO2 in (mmol/kgSW) assuming CO2=400 at observed sal temp and TA,Equilibrium CO2 in (mmol/kgSW) at observed sal temp and TA and CO2=400,Ecxcess DIC (umol/kg),Excess CO2 (umol/kg),DO (mg/L),NH4 uM,NOx uM,"TRY for TA and DIC, DEFINE HIGH TIDE AS THE REFERENCE",,,,Wind ,Rn (dpm/L),,,,TA SE,DIC SE,DOC SE,,pH in,fCO2 in (matm),pCO2 in (matm),HCO3 in (mmol/kgSW),CO3 in (mmol/kgSW),CO2 in (mmol/kgSW),B Alk in (mmol/kgSW),OH in (mmol/kgSW),P Alk in (mmol/kgSW),Si Alk in (mmol/kgSW) ,Revelle in,WCa in,WAr in,xCO2 in (dry at 1 atm) (ppm),,t(oC) out,P (dbars) out,pH out,fCO2 out (matm),pCO2 out (matm),HCO3 out (mmol/kgSW),CO3 out (mmol/kgSW),CO2 out (mmol/kgSW),B Alk out (mmol/kgSW),OH out (mmol/kgSW),P Alk out (mmol/kgSW),Si Alk out (mmol/kgSW) ,Revelle out,WCa out,WAr out,xCO2 out (dry at 1 atm) (ppm)
,,,,,,,,,,,,,,,,,,,,,,,,,,,,,,,,,,,,,,,,,,,,,,,,,,,,,,,,,,,,,,,,,,,,,,,,,,,,,,
Lizard Island,LI_WTS_1,16/09/2017,10:30,-14.663874,145.451558,0,1.2,8.16,11.64737389,2.825353266,13.2281732,8.428749902,387.878274,35.78,24.9,8.02,99.4,2309.78,2021.410634,1.9949,0.369425,402.7,3.34,9.894,6.74,46.06023586,,2005.6,11.303138,15.838002,0.236234,8.21,1.348,0.6469,,,,,,,,,,0.810075232,0.048022,,,8.039,401.4,402.7,1801.9,208.0,11.5,84.7,6.4,0.7,0.0,9.894,5.08,3.34,415.4,,0,0,8.438,135.3,135.9,1816.0,196.8,8.6,98.1,1.3,0.7,0.0,10.181,4.76,2.98,136.7
Lizard Island,LI_WTS_2,16/09/2017,11:30,-14.663874,145.451558,1,0.96,8.18,14.90179624,3.18044863,13.37164058,8.809950545,391.1909534,35.82,25.9,8.04,102.2,2313.75,2017.967038,2.0959,0.349425,405.7,3.44,9.756,6.62,47.14414827,,2000.2,11.021971,17.798092,0.314875,8.13,1.428,0.6679,,,,,,,,,,0.810075232,0.032593,,,8.036,404.4,405.7,1793.4,213.3,11.3,86.1,7.0,0.8,0.0,9.756,5.22,3.44,419.3,,0,0,8.451,130.8,131.4,1807.9,201.7,8.3,100.3,1.4,0.7,0.0,10.049,4.88,3.06,132.2
Lizard Island,LI_WTS_3,16/09/2017,12:30,-14.663874,145.451558,2,0.94,8.19,15.81453156,3.250816535,13.61857273,8.94651757,391.5961036,35.78,26.4,8.05,104,2312.01,2003.368544,1.9909,0.383425,388.5,3.58,9.526,6.57,54.76152601,,1994.7,10.889318,8.645522,-0.166713,8.32,1.318,0.6729,,,,,,,,,,0.810075232,0.016,,,8.051,387.3,388.5,1770.9,221.7,10.7,89.3,7.6,0.8,0.0,9.526,5.44,3.58,401.9,,0,0,8.474,122.6,123.1,1785.6,210.0,7.8,104.3,1.5,0.7,0.0,9.808,5.08,3.18,123.9
Lizard Island,LI_WTS_4,16/09/2017,13:30,-14.663874,145.451558,3,1.18,8.19,13.3558526,2.970871795,2.824686436,5.007994027,394.4932108,35.74,26,8.06,103.8,2308.41,2002.289354,1.8099,0.411425,385.7,3.55,9.564,6.61,56.14811888,,1995.4,10.999293,6.890917,-0.248269,8.41,1.158,0.6519,,,,,,,,,,0.810075232,0.009,,,8.053,384.5,385.7,1771.7,219.9,10.8,88.9,7.3,0.8,0.0,9.564,5.38,3.55,398.7,,0,0,8.470,123.7,124.2,1786.2,208.2,7.9,103.6,1.4,0.7,0.0,9.843,5.04,3.15,125.0
Lizard Island,LI_WTS_5,16/09/2017,14:30,-14.663874,145.451558,4,1.63,8.2,9.160607233,2.490507702,6.274874387,5.126671273,388.6393169,35.77,25.7,8,104.1,2312.60,2020.380498,1.8579,0.331425,409.0,3.40,9.819,6.65,58.26215623,,2001.2,11.079623,19.158330,0.407061,8.51,1.228,0.6299,,,,,,,,,,0.009741,0.112849,,,8.033,407.7,409.0,1798.0,210.9,11.5,85.3,6.8,0.7,0.0,9.819,5.16,3.40,422.5,,0,0,8.445,133.0,133.6,1812.5,199.4,8.5,99.2,1.4,0.7,0.0,10.114,4.82,3.02,134.4
Lizard Island,LI_WTS_6,16/09/2017,15:30,-14.663874,145.451558,5,2.13,8.2,8.459057039,2.372626493,18.25839709,10.30576402,385.8394672,35.74,25.5,8.11,104.3,2317.95,2011.246629,1.7289,0.432425,380.1,3.55,9.585,6.67,58.77376411,,2007.3,11.136642,3.930711,-0.408618,8.55,1.188,0.5409,,,,,,,,,,0.810075232,0.024726,,,8.060,378.9,380.1,1780.0,220.5,10.7,89.1,7.1,0.6,0.0,9.585,5.40,3.55,392.5,,0,0,8.470,124.4,124.9,1794.3,209.0,7.9,103.5,1.4,0.6,0.0,9.857,5.06,3.17,125.6
Lizard Island,LI_WTS_7,16/09/2017,16:30,-14.663874,145.451558,6,2.64,8.21,9.146309376,2.48952644,28.41977895,15.45359627,379.5878003,35.68,24.9,8.18,104.7,2316.24,2055.473786,1.8789,0.390425,464.8,3.05,10.454,6.74,60.00274071,,2011.4,11.309024,44.120636,2.009376,8.66,1.228,0.6509,,,,,,,,,,0.810075232,0.036379,,,7.989,463.3,464.8,1851.8,190.4,13.3,77.3,5.7,0.7,0.0,10.454,4.65,3.05,479.4,,0,0,8.386,156.8,157.5,1866.2,179.3,10.0,89.5,1.2,0.7,0.0,10.795,4.34,2.72,158.4
Lizard Island,LI_WTS_8,16/09/2017,17:30,-14.663874,145.451558,7,3.03,8.22,7.125918188,2.19427899,0,,371.2557842,35.61,24.9,8.08,107.1,2312.39,2003.888517,1.8469,0.374425,366.2,3.55,9.551,6.74,66.7937034,,2008.6,11.313145,-4.738680,-0.819511,8.88,1.218,0.6289,,,,,,,,,,0.810075232,0.077491,,,8.073,365.0,366.2,1772.1,221.3,10.5,90.0,7.0,0.7,0.0,9.551,5.41,3.55,377.7,,0,0,8.473,122.7,123.2,1786.1,209.9,7.8,104.2,1.5,0.7,0.0,9.811,5.08,3.18,124.0
Lizard Island,LI_WTS_9,16/09/2017,18:30,-14.663874,145.451558,8,3.23,8.22,8.590131047,2.410278989,32.99345692,17.97814062,360.2407581,35.76,24.3,8.15,107.6,2310.67,2002.505192,1.9529,0.347425,357.6,3.53,9.561,6.81,69.17077638,,2011.4,11.477667,-8.939754,-1.072367,9.02,1.248,0.7049,,,,,,,,,,0.810075232,0.049279,,,8.082,356.5,357.6,1771.4,220.7,10.4,90.3,6.7,0.8,0.0,9.561,5.39,3.53,368.5,,0,0,8.473,122.7,123.3,1785.1,209.6,7.8,104.1,1.5,0.8,0.0,9.813,5.07,3.18,124.0
Lizard Island,LI_WTS_10,16/09/2017,19:30,-14.663874,145.451558,9,3.08,8.21,12.6973288,2.926028563,21.3013129,13.24431642,365.2120591,35.86,24.6,8.12,104.5,2315.37,2007.930573,1.9569,0.435425,364.7,3.53,9.581,6.77,61.94837899,,2012.1,11.384473,-4.192107,-0.852836,8.75,1.268,0.6889,,,,,,,,,,0.810075232,,,,8.075,363.6,364.7,1776.9,220.5,10.5,89.8,6.8,0.8,0.0,9.581,5.39,3.53,376.0,,0,0,8.471,123.7,124.2,1790.8,209.3,7.9,103.8,1.4,0.8,0.0,9.839,5.06,3.17,125.0
Lizard Island,LI_WTS_11,16/09/2017,20:30,-14.663874,145.451558,10,2.75,8.21,9.814088194,2.575552244,0,,368.3418023,35.82,24.5,8.12,103.8,2317.30,2013.355954,1.8179,0.377425,369.8,3.50,9.645,6.78,59.97416085,,2014.8,11.415793,-1.456302,-0.709689,8.7,1.248,0.5699,,,,,,,,,,1.18665,0.022266,,,8.071,368.7,369.8,1784.3,218.4,10.7,88.9,6.7,0.7,0.0,9.645,5.33,3.50,381.2,,0,0,8.465,126.0,126.5,1798.1,207.2,8.0,102.7,1.4,0.6,0.0,9.906,5.01,3.14,127.3
Lizard Island,LI_WTS_12,16/09/2017,21:30,-14.663874,145.451558,11,2.32,8.21,9.978894013,2.607793533,12.78767265,9.141424342,372.5765071,35.83,24.4,8.13,103.4,2314.58,2005.026572,1.8469,0.392425,357.8,3.55,9.546,6.79,58.68421975,,2013.4,11.444265,-8.338418,-1.061528,8.67,1.268,0.5789,,,,,,,,,,0.810075232,0.02796,,,8.082,356.6,357.8,1772.7,221.9,10.4,90.6,6.8,0.7,0.0,9.546,5.42,3.55,368.7,,0,0,8.475,122.3,122.8,1786.5,210.7,7.8,104.5,1.5,0.6,0.0,9.798,5.10,3.19,123.5
Lizard Island,LI_WTS_13,16/09/2017,22:30,-14.663874,145.451558,12,1.87,8.21,12.19831015,2.882919241,18.48718785,11.79728539,,35.87,24.3,8.17,102.2,2314.89,2020.203904,2.0729,0.400425,383.2,3.39,9.804,6.80,56.1796522,,2014.2,11.471063,5.975510,-0.322298,8.6,1.298,0.7749,,,,,,,,,,0.810075232,0.028425,,,8.058,381.9,383.2,1797.0,212.0,11.1,86.6,6.4,0.9,0.0,9.804,5.18,3.39,394.8,,0,0,8.448,131.7,132.3,1810.9,201.0,8.4,99.9,1.4,0.9,0.0,10.075,4.86,3.04,133.1
Lizard Island,LI_WTS_14,16/09/2017,23:30,-14.663874,145.451558,13,1.42,8.21,13.24777089,3.023975914,11.438093,9.06160659,,35.92,24,8.15,101.1,2310.32,2004.712626,1.9419,0.355425,357.5,3.50,9.607,6.84,53.57437786,,2012.8,11.556382,-8.057760,-1.074874,8.55,1.298,0.6439,,,,,,,,,,0.810075232,0.025064,,,8.082,356.3,357.5,1775.2,219.0,10.5,89.8,6.6,0.7,0.0,9.607,5.34,3.50,368.1,,0,0,8.469,124.2,124.8,1788.8,208.0,7.9,103.4,1.4,0.7,0.0,9.857,5.03,3.15,125.5
Lizard Island,LI_WTS_15,17/09/2017,0:30,-14.663874,145.451558,14,1.17,8.17,11.14525259,2.789357291,5.596765454,5.590406873,,35.94,23.8,8.14,100,2312.56,2005.438626,2.1249,0.437425,353.0,3.51,9.592,6.86,50.66972759,,2016.1,11.614698,-10.641208,-1.211433,8.48,1.338,0.7869,,,,,,,,,,0.810075232,0.034136,,,8.087,351.8,353.0,1775.2,219.9,10.4,90.2,6.5,0.9,0.0,9.592,5.36,3.51,363.4,,0,0,8.471,123.6,124.2,1788.6,208.9,7.9,103.7,1.4,0.9,0.0,9.838,5.05,3.16,124.9
Lizard Island,LI_WTS_16,17/09/2017,1:30,-14.663874,145.451558,15,1.19,8.18,15.12788845,3.271814601,32.40491056,17.64014724,,35.99,23.5,8.13,98.1,2338.22,2052.893541,2.1649,0.421425,396.4,3.29,10.050,6.89,47.11007296,,2039.3,11.701908,13.611192,0.071911,8.4,1.418,0.7469,,,,,,,,,,1.540897,0.075712,,,8.050,395.1,396.4,1834.6,206.5,11.8,83.9,5.8,0.8,0.0,10.050,5.03,3.29,407.8,,0,0,8.428,140.9,141.5,1848.2,195.7,9.0,96.4,1.3,0.8,0.0,10.326,4.74,2.96,142.4
Lizard Island,LI_WTS_17,17/09/2017,2:30,-14.663874,145.451558,16,1.42,8.17,17.49590471,3.485325954,11.5147312,8.539793727,,35.85,23.4,8.13,96.3,2341.27,2057.367273,2.1959,0.416425,398.8,3.27,10.089,6.91,41.55977109,,2043.4,11.740924,13.971765,0.135651,8.24,1.338,0.8579,,,,,,,,,,0.810075232,0.66713546,,,8.048,397.5,398.8,1839.9,205.6,11.9,83.5,5.8,1.0,0.0,10.089,5.01,3.27,410.2,,0,0,8.425,142.4,143.0,1853.5,194.8,9.1,95.9,1.3,0.9,0.0,10.365,4.71,2.95,143.8
Lizard Island,LI_WTS_18,17/09/2017,3:30,-14.663874,145.451558,17,1.79,8.18,11.61168829,2.833063648,0,,,35.97,23.9,8.17,98.5,2325.22,2009.107871,1.9779,0.354425,343.3,3.61,9.475,6.85,45.45300502,,2025.5,11.583044,-16.376504,-1.491228,8.3,1.328,0.6499,,,,,,,,,,0.810075232,0.043899,,,8.099,342.2,343.3,1772.6,226.4,10.1,92.3,6.8,0.8,0.0,9.475,5.52,3.61,353.4,,0,0,8.484,119.6,120.1,1786.2,215.3,7.6,106.2,1.5,0.7,0.0,9.715,5.21,3.26,120.9
Lizard Island,LI_WTS_19,17/09/2017,4:30,-14.663874,145.451558,18,2.19,8.19,13.64456578,3.056475748,29.79269798,16.55593639,,35.88,24.3,8.13,96.5,2311.14,2015.092469,1.7629,0.400425,378.9,3.41,9.767,6.80,41.19181855,,2011.1,11.470463,3.973328,-0.446602,8.12,1.278,0.4849,,,,,,,,,,0.810075232,0.108848,,,8.061,377.7,378.9,1791.1,213.0,11.0,87.1,6.4,0.6,0.0,9.767,5.20,3.41,390.4,,0,0,8.452,130.2,130.8,1804.9,201.9,8.3,100.5,1.4,0.5,0.0,10.034,4.89,3.06,131.6
Lizard Island,LI_WTS_20,17/09/2017,5:30,-14.663874,145.451558,19,2.46,8.19,10.66078968,2.702559119,4.371789537,5.669472563,,35.85,24.3,8.11,98.3,2320.20,2032.202531,1.9749,0.388425,397.5,3.33,9.938,6.80,45.21781741,,2018.7,11.472263,13.532243,0.094696,8.25,1.308,0.6669,,,,,,,,,,0.810075232,0.045916,,,8.046,396.3,397.5,1812.7,207.9,11.6,84.7,6.2,0.8,0.0,9.938,5.08,3.33,409.6,,0,0,8.436,136.8,137.4,1826.6,196.9,8.7,97.7,1.3,0.7,0.0,10.219,4.76,2.98,138.2
Lizard Island,LI_WTS_21,17/09/2017,6:30,-14.663874,145.451558,20,2.61,8.18,12.5158953,2.913928967,78.75100387,42.14908567,,35.91,24,8.15,93.8,2318.58,2078.440905,1.8489,0.374425,499.9,2.83,10.938,6.84,36.06212453,,2019.5,11.556988,58.892077,3.099361,7.99,1.238,0.6109,,,,,,,,,,0.503013,0.052934,,,7.963,498.2,499.9,1886.9,176.9,14.7,72.2,5.0,0.7,0.0,10.938,4.32,2.83,514.7,,0,0,8.345,175.4,176.2,1900.9,166.3,11.2,83.2,1.1,0.7,0.0,11.312,4.02,2.52,177.2
Lizard Island,LI_WTS_22,17/09/2017,7:30,-14.663874,145.451558,21,2.56,8.18,20.46291786,3.7512936,95.43895448,51.10725774,,35.87,24.3,8.12,91.3,2323.07,2036.107236,1.9799,0.410425,400.7,3.32,9.966,6.80,28.0546522,,2020.9,11.471063,15.232480,0.186488,7.7,1.268,0.7119,,,,,,,,,,0.810075232,0.018654,,,8.043,399.4,400.7,1817.1,207.3,11.7,84.3,6.2,0.8,0.0,9.966,5.06,3.32,412.8,,0,0,8.433,137.9,138.5,1831.0,196.3,8.8,97.3,1.3,0.8,0.0,10.249,4.75,2.97,139.3
Lizard Island,LI_WTS_23,17/09/2017,8:30,-14.663874,145.451558,22,2.25,8.2,11.84660827,2.7589524,0,,,35.89,24.4,8.14,98.6,2332.23,2020.920093,1.9849,0.370425,360.6,3.58,9.564,6.79,36.88204578,,2027.4,11.440677,-6.498608,-0.974860,7.97,1.318,0.6669,,,,,,,,,,0.810075232,0.009396,,,8.082,359.5,360.6,1786.8,223.7,10.5,90.6,6.8,0.8,0.0,9.564,5.46,3.58,371.6,,0,0,8.475,123.2,123.8,1800.6,212.4,7.8,104.5,1.5,0.7,0.0,9.817,5.14,3.22,124.5
Lizard Island,LI_WTS_24,17/09/2017,9:30,-14.663874,145.451558,23,1.89,8.21,10.44024663,2.671600434,56.21861347,30.69098002,,35.95,24.5,8.16,99.2,2336.02,2030.250179,1.8419,0.361425,372.9,3.53,9.663,6.78,48.56904307,,2029.3,11.408044,0.922298,-0.613877,8.33,1.238,0.6039,,,,,,,,,,0.810075232,0.033717,,,8.071,371.7,372.9,1799.2,220.2,10.8,88.9,6.7,0.7,0.0,9.663,5.38,3.53,384.3,,0,0,8.465,127.0,127.5,1813.2,209.0,8.1,102.7,1.4,0.7,0.0,9.925,5.06,3.17,128.3
Lizard Island,LI_WTS_25,17/09/2017,10:30,-14.663874,145.451558,24,1.43,8.21,11.13307416,2.738251662,42.57891276,24.05005833,,35.7,24.9,8.16,99.6,2335.41,2008.85279,1.9179,0.419425,343.6,3.75,9.325,6.74,46.90174521,,2026.8,11.307846,-17.934442,-1.463408,8.24,1.248,0.6699,,,,,,,,,,0.810075232,0.064301,,,8.099,342.5,343.6,1765.0,234.0,9.8,94.3,7.4,0.8,0.0,9.325,5.72,3.75,354.4,,0,0,8.500,114.8,115.3,1779.0,222.5,7.3,109.0,1.5,0.7,0.0,9.569,5.38,3.37,116.0
Lizard Island,LI_WTS_26,17/09/2017,11:30,-14.663874,145.451558,25,1.07,8.21,13.66209839,3.037620244,51.78964479,28.52239846,,35.76,26.7,8.16,105.2,2339.92,2010.098763,2.1689,0.425425,365.2,3.83,9.262,6.54,58.26156898,,2014.7,10.810871,-4.617667,-0.806168,8.4,1.508,0.6609,,,,,,,,,,0.810075232,0.09365,,,8.077,364.0,365.2,1763.3,236.8,10.0,94.0,8.2,0.8,0.0,9.262,5.81,3.83,378.0,,0,0,8.505,113.5,114.0,1778.0,224.8,7.2,109.9,1.6,0.7,0.0,9.529,5.44,3.41,114.7
Lizard Island,LI_WTS_27,17/09/2017,12:30,-14.663874,145.451558,26,0.86,8.22,12.13537089,2.862618074,2.532361556,4.590836977,,35.76,26.5,8.15,105.4,2327.32,2000.758867,2.0359,0.351425,363.5,3.79,9.282,6.56,59.45552012,,2006.4,10.863800,-5.600996,-0.855712,8.46,1.408,0.6279,,,,,,,,,,0.810075232,0.039462,,,8.076,362.4,363.5,1756.6,234.1,10.0,93.6,8.1,0.7,0.0,9.282,5.74,3.79,376.1,,0,0,8.502,114.0,114.5,1771.2,222.3,7.2,109.3,1.6,0.7,0.0,9.547,5.38,3.37,115.1
Lizard Island,LI_WTS_28,17/09/2017,13:30,-14.663874,145.451558,27,0.94,8.22,9.686242541,2.543648021,6.765919218,5.155837022,,35.69,27.5,8.15,106.3,2334.77,2005.779395,2.1799,0.331425,364.5,3.00,10.707,6.45,63.05212502,,2004.2,10.607474,1.603736,4.310728,8.47,1.588,0.5919,,,,,,,,,,0.810075232,0.041,,,7.926,363.3,364.5,1886.6,184.3,14.9,72.7,6.2,0.7,0.0,10.707,4.53,3.00,575.7,,0,0,8.361,169.5,170.2,1902.6,172.4,10.8,85.6,1.1,0.6,0.0,11.135,4.17,2.61,171.2
Lizard Island,LI_WTS_29,17/09/2017,14:30,-14.663874,145.451558,28,1.33,8.22,12.79294056,2.929005309,26.94909896,14.91317058,418.589958,35.63,26.4,8.21,104.5,2323.94,2000.180029,2.0359,0.367425,365.5,3.75,9.316,6.57,55.21290399,,2005.2,10.897716,-5.032862,-0.810848,8.34,1.538,0.4979,,,,,,,,,,0.810075232,1.520676417,,,8.074,364.3,365.5,1757.8,232.2,10.1,93.0,8.0,0.6,0.0,9.316,5.69,3.75,378.1,,0,0,8.498,115.1,115.6,1772.5,220.4,7.3,108.6,1.5,0.6,0.0,9.582,5.33,3.34,116.3
One Tree,OTI_JTS_1,15/11/2017,10:00,-23.506643,152.091408,0.00,0.705202273,7.8892,5.923558413,2.053425726,38.55848989,16.48893857,451.2138402,35.5,25.7,7.83,108.9,2326.22,2163.07808,2.3211,0.9482,2000.8,0.93,16.431,6.66,69.81921263,,2013.2,11.095101,149.889481,44.402731,8.89,1.6926,0.6285,,,,,,,,,,1.734743799,1.071111227,,,7.396,1994.5,2000.8,2044.7,58.5,55.5,26.1,1.6,1.0,0.0,16.431,1.40,0.93,2066.8,,0,0,7.753,739.1,742.4,2063.5,48.9,46.3,27.9,0.3,0.9,0.0,18.786,1.17,0.74,746.8
One Tree,OTI_JTS_2,15/11/2017,11:00,-23.506643,152.091408,1.00,0.439252273,7.90835,4.974159752,1.844661319,11.40249776,10.36865643,456.7982722,35.8,26.6,7.79,116.3,2308.24,2173.297245,2.3901,1.0372,2531.2,0.77,16.284,6.55,87.34263877,,1989.3,10.835054,184.025029,57.728070,9.34,1.7426,0.6475,,,,,,,,,,0.013274545,0.866648545,,,7.297,2523.2,2531.2,2051.1,48.6,68.6,21.8,1.4,1.0,0.0,16.284,1.16,0.77,2619.4,,0,0,7.651,937.6,941.7,2070.5,39.1,58.7,22.6,0.2,1.0,0.0,18.847,0.93,0.59,947.3
One Tree,OTI_JTS_3,15/11/2017,12:00,-23.506643,152.091408,2.00,0.362577273,7.9322875,4.826697882,1.79652179,20.35218458,7.427400064,465.7682672,35.7,27.1,7.83,122.3,2307.73,2155.448097,2.3441,1.1072,2233.7,0.88,16.283,6.49,101.4176318,,1985.1,10.709665,170.324196,49.095468,9.74,1.6926,0.6515,,,,,,,,,,0.140289359,0.442824962,,,7.349,2226.7,2233.7,2035.1,55.2,59.8,24.6,1.7,1.1,0.0,16.283,1.33,0.88,2314.0,,0,0,7.719,796.3,799.8,2055.1,45.2,49.9,26.1,0.3,1.1,0.0,18.852,1.08,0.68,804.5
One Tree,OTI_JTS_4,15/11/2017,13:00,-23.506643,152.091408,3.00,0.324727273,7.937075,6.242099019,2.019726945,23.23508087,8.304798968,450.9625392,36,27.1,7.91,119.8,2300.22,2125.714444,2.3031,1.0772,1883.3,1.02,15.986,6.48,95.50885265,,1977.4,10.693269,148.302213,39.654416,9.54,1.6726,0.6305,,,,,,,,,,0.107564979,2.291025971,,,7.417,1877.5,1883.3,2006.0,64.0,50.3,28.8,2.0,1.1,0.0,15.986,1.53,1.02,1951.0,,0,0,7.798,654.4,657.3,2025.7,53.8,40.9,31.2,0.3,1.1,0.0,18.306,1.28,0.81,661.2
One Tree,OTI_JTS_5,15/11/2017,14:00,-23.506643,152.091408,4.00,0.304627273,7.9418625,9.691278819,2.516957039,31.61764527,11.18886275,424.1486597,36,27.1,7.84,130.1,2296.83,2119.342114,2.2891,1.0372,1832.9,1.04,15.920,6.48,121.1338526,,1974.7,10.693269,144.618360,38.307013,10.36,1.6926,0.5965,,,,,,,,,,0.96398177,3.118340905,,,7.427,1827.2,1832.9,1999.5,65.4,49.0,29.5,2.0,1.1,0.0,15.920,1.57,1.04,1898.8,,0,0,7.810,634.5,637.3,2019.1,55.1,39.7,32.0,0.3,1.0,0.0,18.193,1.31,0.83,641.1
One Tree,OTI_JTS_6,15/11/2017,15:00,-23.506643,152.091408,5.00,0.298402273,7.9418625,9.608063564,2.527266905,17.30983996,9.201954798,409.7593369,36,27.1,7.97,124.7,2285.65,2143.200281,2.4031,1.2572,2369.9,0.82,16.219,6.48,107.3838526,,1965.5,10.693269,177.666590,52.661154,9.92,1.6926,0.7105,,,,,,,,,,1.220732125,1.018233765,,,7.320,2362.5,2369.9,2022.5,51.7,63.4,23.4,1.6,1.3,0.0,16.219,1.24,0.82,2455.0,,0,0,7.686,853.9,857.6,2042.3,41.9,53.4,24.5,0.2,1.2,0.0,18.811,1.00,0.63,862.7
One Tree,OTI_JTS_7,15/11/2017,16:00,-23.506643,152.091408,6.00,0.448352273,7.9705875,9.194497682,2.471767136,36.02766168,12.65508862,363.7105326,36.1,26.2,8.1,123.8,2281.82,2168.067641,2.4051,1.0972,2861.0,0.67,15.986,6.58,107.2582982,,1969.6,10.924924,198.471083,67.214949,10.01,1.6726,0.7325,,,,,,,,,,0.29882101,1.19501046,,,7.241,2852.0,2861.0,2042.7,42.2,78.1,19.3,1.2,1.1,0.0,15.986,1.01,0.67,2958.3,,0,0,7.581,1097.3,1102.2,2061.2,33.3,68.5,19.6,0.2,1.1,0.0,18.402,0.79,0.50,1108.7
One Tree,OTI_JTS_8,15/11/2017,17:00,-23.506643,152.091408,7.00,1.016202273,7.994525,9.282407636,2.499976078,46.77232698,17.93498298,313.7783704,36.1,25.9,8.1,127.7,2267.32,2113.547794,2.4471,1.0072,2067.7,0.87,16.287,6.61,117.7841805,,1960.5,11.006053,153.092838,45.887019,10.38,1.7126,0.7345,,,,,,,,,,2.119386382,2.55265548,,,7.371,2061.2,2067.7,1996.7,55.1,56.9,25.4,1.6,1.0,0.0,16.287,1.32,0.87,2136.8,,0,0,7.728,764.2,767.6,2015.3,45.7,47.7,27.0,0.3,1.0,0.0,18.669,1.09,0.69,772.2
One Tree,OTI_JTS_9,15/11/2017,18:00,-23.506643,152.091408,8.00,1.365502273,8.0184625,6.521531154,2.080652289,3.699064576,10.48675567,283.1350304,36,25.2,8,108.8,2251.04,2135.194827,2.2761,1.0272,2671.2,0.66,16.137,6.69,71.14513252,,1953.5,11.205371,181.649051,63.624610,8.97,1.6326,0.6435,,,,,,,,,,2.876378167,0.346482323,,,7.262,2662.7,2671.2,2013.7,42.0,74.8,19.6,1.2,1.0,0.0,16.137,1.00,0.66,2756.7,,0,0,7.592,1053.4,1058.1,2031.2,33.6,65.8,20.0,0.2,1.0,0.0,18.461,0.80,0.50,1064.4
One Tree,OTI_JTS_10,15/11/2017,19:00,-23.506643,152.091408,9.00,1.482402273,7.9801625,5.824965598,2.009211324,21.8169158,10.99336587,311.425073,36.1,24.2,7.92,101.5,2280.86,1985.559432,2.3041,1.0172,726.5,1.94,12.356,6.81,53.28067288,,1985.5,11.486540,0.067732,9.375803,8.51,1.6726,0.6315,,,,,,,,,,0.649745624,0.787478172,,,7.785,724.2,726.5,1837.7,123.7,20.9,58.0,3.6,1.1,0.0,12.356,2.95,1.94,748.4,,0,0,8.161,259.2,260.4,1852.3,113.8,16.2,66.1,0.7,1.1,0.0,12.994,2.71,1.71,261.9
One Tree,OTI_JTS_11,15/11/2017,20:00,-23.506643,152.091408,10.00,1.367402273,7.9658,4.373774197,1.753966201,0,#DIV/0!,329.8310075,36.1,24.2,7.78,98.3,2291.18,2147.446753,2.2771,0.9972,2179.3,0.79,16.533,6.81,45.46817288,,1993.9,11.486540,153.525122,51.094447,8.26,1.6226,0.6545,,,,,,,,,,1.033100001,1.385929291,,,7.351,2172.3,2179.3,2031.0,50.4,62.6,23.4,1.3,1.0,0.0,16.533,1.20,0.79,2244.8,,0,0,7.682,864.2,868.0,2048.2,41.7,54.0,24.4,0.2,1.0,0.0,18.805,0.99,0.63,873.1
One Tree,OTI_JTS_12,15/11/2017,21:00,-23.506643,152.091408,11.00,1.016177273,7.9418625,3.059521849,1.486717226,7.700230231,8.125664785,346.7201059,36,23.9,8.13,90.7,2324.67,2009.423254,2.2431,1.0672,666.7,2.12,11.967,6.84,25.48984063,,2024.2,11.581220,-14.790491,7.722810,7.66,1.6526,0.5905,,,,,,,,,,1.033100001,0.346482323,,,7.825,664.6,666.7,1852.1,134.9,19.3,62.1,3.8,1.2,0.0,11.967,3.22,2.12,686.4,,0,0,8.199,239.4,240.5,1866.5,124.8,15.0,70.8,0.8,1.1,0.0,12.515,2.98,1.87,241.9
One Tree,OTI_JTS_13,15/11/2017,22:00,-23.506643,152.091408,12.00,0.617527273,7.937075,3.088146705,1.496366669,16.68863675,8.356350433,357.4502885,36.6,23.4,8.21,90.6,2320.37,2028.220134,2.4361,1.1372,761.5,1.88,12.662,6.88,26.55329155,,2021.5,11.7,6.684855,10.570374,7.73,1.8026,0.6335,,,,,,,,,,1.033100001,0.45254834,,,7.772,759.1,761.5,1882.1,120.9,22.3,56.5,3.2,1.2,0.0,12.662,2.86,1.88,783.3,,0,0,8.136,281.1,282.3,1896.6,111.2,17.5,64.0,0.7,1.2,0.0,13.329,2.64,1.66,284.0
One Tree,OTI_JTS_14,15/11/2017,23:00,-23.506643,152.091408,13.00,0.407602273,7.9275,5.277499626,1.892606801,27.32222943,9.307203565,366.4584453,36.2,23.2,8.2,89.1,2305.60,2043.143232,2.4301,1.1072,893.1,1.63,13.650,6.92,21.23988799,,2013.3,11.8,29.803510,14.522935,7.6,1.7526,0.6775,,,,,,,,,,1.033100001,1.018233765,,,7.709,890.2,893.1,1909.6,104.3,26.3,48.8,2.7,1.2,0.0,13.650,2.48,1.63,918.4,,0,0,8.065,335.5,337.0,1924.2,95.1,20.9,54.9,0.6,1.1,0.0,14.532,2.26,1.43,339.0
One Tree,OTI_JTS_15,15/11/2017,0:00,-23.506643,152.091408,14.00,0.340102273,7.898775,8.614442633,2.493907241,25.62437163,9.880203037,394.1731763,36.4,23.2,8.16,83.1,2306.02,2057.697893,3.0521,1.0072,988.9,1.51,14.150,6.91,6.176783089,,2012.7,11.8,45.009660,17.325117,7.11,1.7726,1.2795,,,,,,,,,,1.033100001,0.855599205,,,7.669,985.7,988.9,1929.3,96.6,29.1,45.3,2.5,1.1,0.0,14.150,2.29,1.51,1016.9,,0,0,8.022,374.1,375.8,1944.3,87.4,23.3,50.7,0.5,1.0,0.0,15.175,2.08,1.31,378.0
One Tree,OTI_JTS_16,16/11/2017,1:00,-23.506643,152.091408,15.00,0.315152273,7.898775,7.423492401,2.305121702,8.883576563,7.97269285,401.8142748,36.3,22.9,8.15,84.5,2319.29,2174.468959,2.5701,1.0672,2149.5,0.78,16.671,6.95,9.598834221,,2026.5,11.9,147.932948,51.900127,7.26,1.7626,0.8075,,,,,,,,,,1.033100001,1.81019336,,,7.360,2142.4,2149.5,2058.7,49.9,63.8,23.2,1.2,1.1,0.0,16.671,1.18,0.78,2209.1,,0,0,7.673,891.9,895.9,2075.0,41.7,55.6,24.2,0.2,1.1,0.0,18.809,0.99,0.62,901.2
One Tree,OTI_JTS_17,16/11/2017,2:00,-23.506643,152.091408,16.00,0.294102273,7.879625,7.251643722,2.272227014,18.23841724,7.137144124,422.6339678,36.4,22.8,8.14,79.9,2315.95,2175.669782,2.6471,1.1172,2162.1,0.77,16.662,6.96,-2.84555993,,2024.0,11.9,151.627546,52.384682,6.87,1.7626,0.8845,,,,,,,,,,1.033100001,0.238416496,,,7.357,2155.0,2162.1,2059.3,49.5,64.3,23.1,1.2,1.1,0.0,16.662,1.17,0.77,2221.7,,0,0,7.669,901.2,905.2,2075.5,41.3,56.2,24.0,0.2,1.1,0.0,18.787,0.98,0.62,910.5
One Tree,OTI_JTS_18,16/11/2017,3:00,-23.506643,152.091408,17.00,0.280652273,7.87005,10.96929638,2.860177161,25.88653317,9.545064675,433.3929282,36.4,22.5,8.13,79.5,2319.41,2181.476506,2.5731,1.0772,2235.8,0.74,16.662,7.00,-3.688209499,,2029.4,12.0,152.065740,55.006902,6.88,1.6726,0.9005,,,,,,,,,,1.033100001,0.707106781,,,7.343,2228.4,2235.8,2064.6,47.5,67.0,22.2,1.1,1.1,0.0,16.662,1.13,0.74,2296.3,,0,0,7.649,946.5,950.6,2080.5,39.6,59.0,23.0,0.2,1.1,0.0,18.758,0.94,0.59,956.3
One Tree,OTI_JTS_19,16/11/2017,4:00,-23.506643,152.091408,18.00,0.294077273,7.841325,13.06484013,3.1332901,27.14715548,10.66120841,462.3840507,36.3,22.3,8.1,76.7,2315.83,2193.212662,2.8921,1.1872,2491.1,0.66,16.488,7.03,-11.15476492,,2028.6,12.1,164.648942,63.023848,6.67,1.7926,1.0995,,,,,,,,,,1.033100001,0.45254834,,,7.297,2482.9,2491.1,2073.5,42.5,75.1,19.9,1.0,1.2,0.0,16.488,1.01,0.66,2557.7,,0,0,7.594,1077.2,1081.9,2088.9,35.0,67.2,20.3,0.2,1.2,0.0,18.518,0.83,0.52,1088.3
One Tree,OTI_JTS_20,16/11/2017,5:00,-23.506643,152.091408,19.00,0.759352273,7.8269625,13.000843,3.12847546,90.53488001,27.50410974,480.3808198,36.4,22.3,8.09,78.3,2320.17,2185.220021,2.5621,1.0572,2278.4,0.72,16.654,7.02,-6.339780238,,2031.7,12.0,153.510305,56.582224,6.82,1.6826,0.8795,,,,,,,,,,1.033100001,1.590990258,,,7.335,2270.9,2278.4,2068.1,46.4,68.6,21.7,1.1,1.0,0.0,16.654,1.10,0.72,2339.3,,0,0,7.637,974.0,978.3,2083.8,38.6,60.7,22.4,0.2,1.0,0.0,18.726,0.92,0.58,984.1
One Tree,OTI_JTS_21,16/11/2017,6:00,-23.506643,152.091408,20.00,1.299827273,7.8078125,10.21897441,2.772346617,35.69945612,16.75287258,514.7806278,36.3,22.7,8.05,83.6,2328.12,2200.349955,2.3411,1.2172,2453.0,0.69,16.534,6.98,7.894457447,,2035.3,11.9,165.055766,61.225904,7.23,1.5726,0.7685,,,,,,,,,,1.033100001,0.162757918,,,7.306,2445.0,2453.0,2080.9,44.3,73.2,20.5,1.0,1.2,0.0,16.534,1.05,0.69,2520.2,,0,0,7.610,1042.5,1047.1,2096.9,36.4,65.0,21.1,0.2,1.2,0.0,18.631,0.87,0.55,1053.3
One Tree,OTI_JTS_22,16/11/2017,7:00,-23.506643,152.091408,21.00,1.597427273,7.8461125,8.509829018,2.522337237,35.57401241,16.44910259,489.4908345,36.2,23,8.08,85.6,2324.53,2103.793604,2.1741,1.0172,1214.5,1.28,15.256,6.94,12.66750746,,2030.6,11.8,73.214746,24.112490,7.35,1.5526,0.6215,,,,,,,,,,1.656635051,0.855599205,,,7.592,1210.5,1214.5,1983.4,82.1,36.0,38.1,2.0,1.0,0.0,15.256,1.95,1.28,1248.4,,0,0,7.935,470.6,472.7,1999.0,73.1,29.4,42.0,0.4,1.0,0.0,16.631,1.74,1.10,475.5
One Tree,OTI_JTS_23,16/11/2017,8:00,-23.506643,152.091408,22.00,1.588327273,7.8556875,6.073589553,2.038758439,0,,481.9515637,35.8,24.1,8.11,97.6,2316.39,2089.57195,2.1431,1.1472,1184.3,1.35,14.954,6.83,43.17172108,,2016.8,11.5,72.757741,22.615927,8.21,1.5626,0.5805,,,,,,,,,,1.033100001,0.113137085,,,7.602,1180.5,1184.3,1966.3,86.0,34.1,39.3,2.3,1.2,0.0,14.954,2.05,1.35,1219.7,,0,0,7.963,438.3,440.2,1982.4,76.6,27.4,43.8,0.5,1.2,0.0,16.309,1.83,1.15,442.8
One Tree,OTI_JTS_24,16/11/2017,9:00,-23.506643,152.091408,23.00,1.376527273,7.8748375,3.819154505,1.635476452,39.93175712,24.25954356,481.0650789,35.8,24.8,8.11,101,2307.64,2055.494052,2.0961,1.0272,1000.8,1.58,13.930,6.75,51.03678413,,2004.0,11.3,51.541172,17.017423,8.38,1.5126,0.5835,,,,,,,,,,1.033100001,2.802840015,,,7.667,997.6,1000.8,1922.7,100.2,28.3,45.8,2.9,1.1,0.0,13.930,2.39,1.58,1032.0,,0,0,8.044,355.2,356.8,1938.7,90.4,22.2,51.8,0.6,1.1,0.0,14.989,2.16,1.36,358.9
One Tree,OTI_JTS_25,16/11/2017,10:00,-23.506643,152.091408,24.00,0.969227273,7.8892,5.622735664,1.997614922,50.08939661,18.5261152,493.6848347,35.9,25.6,7.97,106.3,2304.77,2099.524534,2.1441,1.0872,1065.4,1.55,14.037,6.65,63.68953808,,1994.3,11.1,105.219480,18.463343,8.69,1.5526,0.5915,,,,,,,,,,1.033100001,0.651368247,,,7.643,1062.0,1065.4,1925.9,97.8,29.6,44.6,2.9,1.1,0.0,14.037,2.34,1.55,1100.3,,0,0,8.029,368.1,369.7,1942.5,87.8,23.0,50.5,0.5,1.1,0.0,15.195,2.09,1.32,371.9
One Tree,OTI_JTS_26,16/11/2017,11:00,-23.506643,152.091408,25.00,0.594027273,7.90835,5.539822426,1.985696093,8.845835956,8.944546531,493.7473014,36,26.4,7.97,114.7,2297.90,2086.427646,2.1511,1.0372,1045.1,1.61,13.726,6.56,84.07840622,,1981.5,10.9,104.921299,17.541060,9.25,1.5926,0.5585,,,,,,,,,,1.033100001,1.298574264,,,7.649,1041.8,1045.1,1910.0,101.6,28.4,46.2,3.2,1.1,0.0,13.726,2.43,1.61,1081.1,,0,0,8.049,349.3,350.8,1927.0,91.2,21.8,52.7,0.6,1.1,0.0,14.843,2.17,1.37,352.9
One Tree,OTI_JTS_27,16/11/2017,12:00,-23.506643,152.091408,26.00,0.389452273,7.9610125,7.058077922,2.207614776,21.86139703,9.042295457,477.6978184,36.1,27.3,7.9,124.9,2294.68,2062.863788,2.1611,1.0672,943.6,1.80,12.964,6.46,107.5390205,,1970.7,10.6,92.157245,14.454127,9.9,1.5826,0.5785,,,,,,,,,,1.033100001,0.06363961,,,7.689,940.6,943.6,1878.1,113.2,25.1,51.4,3.8,1.1,0.0,12.964,2.71,1.80,977.9,,0,0,8.105,301.9,303.2,1895.2,102.3,18.9,59.1,0.6,1.1,0.0,13.903,2.44,1.53,305.0
One Tree,OTI_JTS_28,16/11/2017,13:00,-23.506643,152.091408,27.00,0.335302273,7.9705875,9.467238606,2.518000943,24.98549007,9.501229845,457.9053612,35.9,28.2,8.2,128.3,2287.80,2026.03233,2.1621,1.0772,801.5,2.09,11.973,6.37,113.3915017,,1958.7,10.4,67.341046,10.460067,10,1.5626,0.5995,,,,,,,,,,1.033100001,0.594202846,,,7.750,799.0,801.5,1828.5,130.5,20.9,58.9,4.7,1.2,0.0,11.973,3.13,2.09,832.3,,0,0,8.184,244.8,245.9,1845.4,119.1,15.3,68.6,0.8,1.1,0.0,12.696,2.84,1.79,247.3
One Tree,OTI_JTS_29,16/11/2017,14:00,-23.506643,152.091408,28.00,0.319002273,8.0088875,12.31945468,2.858672026,26.42570045,10.58428617,439.8964708,35.9,28.5,8.21,137.3,2282.99,2004.651974,2.1961,1.0872,739.4,2.23,11.521,6.34,134.3580517,,1952.3,10.3,52.358639,8.780550,10.64,1.6626,0.5335,,,,,,,,,,1.033100001,0.855599205,,,7.780,737.2,739.4,1802.3,139.1,19.1,62.8,5.1,1.2,0.0,11.521,3.34,2.23,768.4,,0,0,8.220,222.1,223.1,1819.1,127.5,13.9,73.5,0.8,1.1,0.0,12.156,3.04,1.91,224.4
One Tree,OTI_JTS_30,16/11/2017,15:00,-23.506643,152.091408,29.00,0.288802273,8.02325,11.4525186,2.726205715,13.08695495,8.504340337,445.07743,36.3,28.4,8.24,138.7,2280.75,1990.111028,2.0751,1.0972,685.4,2.35,11.124,6.34,138.2274659,,1949.0,10.4,41.063543,7.386225,10.76,1.5326,0.5425,,,,,,,,,,1.033100001,0.284809553,,,7.806,683.3,685.4,1779.9,146.9,17.7,67.1,5.4,1.2,0.0,11.124,3.52,2.35,712.1,,0,0,8.247,206.0,206.9,1796.5,135.2,12.9,78.5,0.9,1.2,0.0,11.682,3.22,2.03,208.2
One Tree,OTI_JTS_31,16/11/2017,16:00,-23.506643,152.091408,30.00,0.287827273,8.0041,12.78380061,2.850174859,28.20019661,11.42015163,375.3674859,36,38.2,8.03,137,2276.27,2160.524278,2.0911,1.1072,2942.4,1.06,14.881,5.47,162.5110903,,1861.6,8.4,298.909288,53.418780,10.67,1.5326,0.5585,,,,,,,,,,1.033100001,0.06363961,,,7.243,2934.4,2942.4,1988.1,62.3,61.8,26.1,3.3,1.1,0.0,14.881,1.53,1.06,3146.3,,0,0,7.746,734.6,737.8,2018.8,47.6,45.9,28.0,0.3,1.1,0.0,18.623,1.13,0.71,742.2
One Tree,OTI_JTS_32,16/11/2017,17:00,-23.506643,152.091408,31.00,0.573877273,7.9610125,12.77180189,2.875701781,56.75181262,18.79484693,361.8219953,36.1,26.9,8.05,129.5,2263.42,2103.6162,2.4971,1.0072,2110.5,0.89,16.164,6.50,119.9517411,,1949.0,10.7,154.614857,45.926703,10.34,1.7026,0.7945,,,,,,,,,,1.033100001,0.238492872,,,7.363,2104.0,2110.5,1991.0,55.9,56.7,25.7,1.7,1.0,0.0,16.164,1.34,0.89,2185.5,,0,0,7.733,753.5,756.8,2010.4,46.1,47.1,27.3,0.3,1.0,0.0,18.641,1.10,0.69,761.3
One Tree,OTI_JTS_33,16/11/2017,18:00,-23.506643,152.091408,32.00,1.102427273,7.9705875,10.01157776,2.579346233,46.15523284,17.38514838,322.054299,36,25.7,8.04,126.2,2252.03,1940.331048,2.0841,1.1672,686.7,2.08,11.774,6.64,114.1576137,,1950.1,11.1,-9.795905,7.930502,10.29,1.5126,0.5715,,,,,,,,,,,2.043538598,,,7.802,684.5,686.7,1789.5,131.9,19.0,61.8,4.2,1.3,0.0,11.774,3.15,2.08,709.3,,0,0,8.201,230.2,231.2,1804.6,121.4,14.4,71.2,0.8,1.2,0.0,12.360,2.89,1.82,232.6
One Tree,OTI_JTS_34,16/11/2017,19:00,-23.506643,152.091408,33.00,1.384202273,8.032825,7.838072636,2.270775392,15.44120182,14.65108694,273.1739752,36,25.4,7.94,110.8,2240.64,1877.029529,2.1991,1.0072,495.8,2.57,10.356,6.67,76.85351262,,1943.5,11.1,-66.456067,2.669449,9.13,1.5726,0.6265,,,,,,,,,,0.615647203,2.740501009,,,7.920,494.2,495.8,1700.4,162.9,13.8,77.2,5.4,1.1,0.0,10.356,3.89,2.57,511.8,,0,0,8.321,166.0,166.7,1714.7,151.9,10.4,89.0,1.1,1.1,0.0,10.717,3.62,2.28,167.7
Lord Howe Island,LHI_LTS_1,12/07/2018,13:30,-31.531084,159.066768,0.00,0.148410,#DIV/0!,11.597198,2.037983,21.898995,10.588707,327.092244,36,18.9,8.17,101.3,2378.140173,2092.650952,4.041,0.5261,366.5,3.13,10.122,7.49,61.55696558,,2110.5,13.2,-17.834887,-1.109194,9.46,3.237,0.804,,,,,,,,,,1.629901156,1.213072316,0.705965603,,8.078,365.3,366.5,1877.2,203.3,12.1,89.5,4.3,0.6,0.0,10.122,4.82,3.13,374.4,,0,0,8.385,158.0,158.7,1889.0,193.8,9.9,99.8,1.2,0.6,0.0,10.331,4.62,2.91,159.6
Lord Howe Island,LHI_LTS_2,12/07/2018,14:00,-31.531084,159.066768,0.50,0.168417,0.000000,11.840020,2.071392,21.532910,10.771071,358.422987,36,19.1,8.15,102.6,2381.651601,2099.01485,4.466,0.5341,375.8,3.11,10.184,7.46,66.18284152,,2111.7,13.2,-12.733197,-0.796754,9.58,3.627,0.839,,,,,,,,,,0.839093426,2.082549186,1.171887974,,8.069,374.5,375.8,1885.0,201.6,12.4,88.5,4.3,0.6,0.0,10.184,4.78,3.11,384.0,,0,0,8.379,160.7,161.4,1896.9,192.1,10.0,98.8,1.2,0.6,0.0,10.400,4.58,2.88,162.4
Lord Howe Island,LHI_LTS_3,12/07/2018,14:30,-31.531084,159.066768,1.00,0.303090,#DIV/0!,10.740456,1.916280,22.573159,9.450374,337.610931,36.3,18.5,8.21,112.8,2357.327406,2058.3001,3.029,0.5211,334.5,3.23,9.814,7.53,96.77099515,,2094.8,13.4,-36.547800,-2.190993,10.63,2.277,0.752,,,,,,,,,,0.125830574,0.556007594,0.226425449,,8.106,333.3,334.5,1836.4,210.7,11.2,94.5,4.4,0.6,0.0,9.814,4.98,3.23,341.5,,0,0,8.408,146.5,147.1,1847.9,201.2,9.1,105.1,1.3,0.6,0.0,9.999,4.79,3.02,148.0
Lord Howe Island,LHI_LTS_4,12/07/2018,15:00,-31.531084,159.066768,1.50,0.437764,0.000000,9.640893,1.761167,23.613407,8.129678,316.798874,36.2,18.7,8.23,112.2,2351.611785,2040.881338,2.34,0.5011,316.6,3.35,9.599,7.51,95.95481862,,2089.0,13.3,-48.091318,-2.774395,10.58,1.747,0.593,,,,,,,,,,0.095,2.215260205,0.376012608,,8.125,315.5,316.6,1812.1,218.2,10.5,97.8,4.7,0.6,0.0,9.599,5.17,3.35,323.4,,0,0,8.430,137.3,137.9,1823.7,208.6,8.6,108.8,1.4,0.5,0.0,9.775,4.97,3.13,138.8
Lord Howe Island,LHI_LTS_5,12/07/2018,16:00,-31.531084,159.066768,2.50,0.905389,0.000000,3.400433,1.108087,0.423921,2.070836,363.382096,36.5,18.6,8.16,102.5,2385.561677,2103.614566,3.341,0.5191,375.5,3.07,10.198,7.51,68.43254314,,2116.6,13.3,-12.936704,-0.817831,9.7,1.727,1.614,,,,,,,,,,1.27,1.75,0.522170168,,8.069,374.2,375.5,1890.5,200.6,12.5,89.2,4.1,0.6,0.0,10.198,4.74,3.07,383.4,,0,0,8.371,164.0,164.7,1902.2,191.2,10.2,99.2,1.2,0.6,0.0,10.407,4.55,2.86,165.7
Lord Howe Island,LHI_LTS_6,12/07/2018,17:00,-31.531084,159.066768,3.50,1.379583,0.000000,1.793985,0.821604,0.000000,,346.656049,36.3,18.5,8.16,103.2,2355.772677,2070.703448,3.091,0.4971,357.2,3.09,10.065,7.53,70.83349515,,2093.6,13.4,-22.867597,-1.430305,9.8,1.747,1.344,,,,,,,,,,0.42,0.96,0.388108555,,8.083,356.0,357.2,1857.0,201.7,11.9,90.6,4.2,0.6,0.0,10.065,4.77,3.09,364.7,,0,0,8.383,156.6,157.3,1868.5,192.4,9.8,100.7,1.2,0.5,0.0,10.265,4.58,2.88,158.3
Lord Howe Island,LHI_LTS_7,12/07/2018,18:00,-31.531084,159.066768,4.50,1.824514,0.000000,2.907010,1.006265,10.317691,2.151557,321.592377,38,18.2,8.2,106.6,2321.244745,2015.679223,2.216,0.4831,324.6,3.20,9.556,7.50,83.76316884,,2058.5,13.4,-42.782203,-2.520091,10.18,1.527,0.689,,,,,,,,,,0.725,0.65,0.330424286,,8.107,323.5,324.6,1793.3,211.5,10.8,100.0,4.4,0.5,0.0,9.556,4.94,3.20,331.3,,0,0,8.403,144.2,144.9,1804.8,202.0,8.9,110.7,1.3,0.5,0.0,9.724,4.76,3.00,145.7
Lord Howe Island,LHI_LTS_8,12/07/2018,19:00,-31.531084,159.066768,5.50,2.102819,0.000000,3.314183,1.085465,11.048255,2.833953,314.449931,36.4,18.4,8.21,108.9,2325.445503,2023.62818,2.226,0.4941,320.5,3.24,9.678,7.54,87.40390637,,2068.5,13.4,-44.885248,-2.665227,10.34,1.567,0.659,,,,,,,,,,0.09,0.15,0.344964709,,8.116248131,319.385498,320.4943542,1801.713055,211.1713891,10.74377021,96.36063282,4.482231548,0.554754558,0,9.678497279,4.99088616,3.236589135,327.1885026,,0,0,8.415982081,140.9330332,141.5550203,1813.084657,201.7572627,8.786294883,106.9827726,1.330230044,0.537361677,0,9.855303538,4.800608113,3.022632617,142.3961312
Lord Howe Island,LHI_LTS_9,12/07/2018,20:00,-31.531084,159.066768,6.50,2.142833,0.000000,5.098735,1.395279,27.313873,6.988953,309.389865,36.4,18.5,8.21,108.6,2325.599979,2023.349358,2.241,0.4901,321.2,3.24,9.670,7.53,85.97399167,,2067.8,13.4,-44.490485,-2.634208,10.28,1.657,0.584,,,,,,,,,,0.035,0.315,0.475106039,,8.115427017,320.0864258,321.1963196,1801.112602,211.499895,10.73678625,96.42849133,4.516490746,0.550459924,0,9.670160999,4.998949117,3.242623509,327.9482307,,0,0,8.416717506,140.6524559,141.2732047,1812.541789,202.0386916,8.768802642,107.1191632,1.332484534,0.533086639,0,9.847799949,4.807304427,3.026848853,142.1126411
Lord Howe Island,LHI_LTS_10,12/07/2018,21:00,-31.531084,159.066768,7.50,1.884833,0.000000,4.968704,1.378696,8.491714,5.194898,320.712648,36.3,18.4,8.2,106.4,2330.553185,2023.440609,2.229,0.4931,313.1,3.30,9.605,7.55,79.4505416,,2073.3,13.4,-49.857242,-2.915464,10.09,1.557,0.672,,,,,,,,,,0.015,0.795,0.589711101,,8.125638008,311.9939575,313.0771484,1798.074878,214.8648038,10.50087111,97.62846147,4.572935127,0.555016926,0,9.604933934,5.081988234,3.295301836,319.6167445,,0,0,8.425634317,137.5827145,138.1899154,1809.445561,205.4124154,8.582576149,108.3908611,1.358429763,0.537383561,0,9.777633036,4.890210004,3.078687122,139.011076
Lord Howe Island,LHI_LTS_11,12/07/2018,22:00,-31.531084,159.066768,8.50,1.527694,0.000000,5.547656,1.470431,14.213941,6.299274,324.916930,36.1,18.4,8.2,105.6,2335.237303,2030.426364,2.374,0.5181,316.2,3.28,9.663,7.56,76.98105946,,2078.2,13.4,-47.788236,-2.814804,10.02,1.627,0.747,,,,,,,,,,1.425,1.365,0.133279581,,8.123491287,315.0761719,316.1700745,1806.031343,213.7788417,10.61621888,96.53707505,4.535902075,0.583020188,0,9.662876403,5.063864972,3.282786966,322.7750057,,0,0,8.423488684,138.9213967,139.5345057,1817.382973,204.3669305,8.676499671,107.2113693,1.348350587,0.564618009,0,9.838523139,4.870527496,3.065544813,140.363747
Lord Howe Island,LHI_LTS_12,12/07/2018,23:00,-31.531084,159.066768,9.50,1.052903,0.000000,4.744549,1.361724,5.622986,5.274496,329.907892,36.3,18.1,8.19,103.9,2334.788824,2029.28066,2.708,0.4754,312.7,3.28,9.647,7.59,72.1671131,,2079.3,13.5,-50.000835,-2.952830,9.9,1.808,0.900,,,,,,,,,,0.605,0.105,0.228014419,,8.126944542,311.6262817,312.7123108,1804.821734,213.8802531,10.57865691,97.22234223,4.457586568,0.534361725,0,9.646606992,5.057807362,3.277197245,319.1198809,,0,0,8.422261509,139.1602422,139.7744053,1816.034168,204.565492,8.680984236,107.7619242,1.347920815,0.517754647,0,9.817608707,4.870047477,3.065993574,140.6049814
Lord Howe Island,LHI_LTS_13,13/07/2018,0:00,-31.531084,159.066768,10.50,0.610958,0.000000,5.755745,1.494878,13.442171,5.991639,339.763511,36.1,17.9,8.2,101.9,2341.366522,2045.644968,2.688,0.4554,325.1,3.19,9.844,7.63,65.35106176,,2087.4,13.6,-41.798148,-2.551231,9.72,1.564,1.124,,,,,,,,,,1.375,0.085,0.331950503,,8.114926338,323.9646912,325.0965271,1826.559054,208.0129856,11.07287318,94.03870697,4.240519026,0.509951177,0,9.843619944,4.925793579,3.189361512,331.6736189,,0,0,8.406865568,145.9510497,146.595183,1837.644166,198.885202,9.115544937,104.1633673,1.297716158,0.494702276,0,10.02243963,4.739885472,2.98331779,147.4663853
Lord Howe Island,LHI_LTS_14,13/07/2018,1:00,-31.531084,159.066768,11.50,0.288458,0.000000,6.070304,1.547811,10.518009,5.523365,358.199737,35.9,17.5,8.16,96.5,2341.127333,2052.407665,3.102,0.4894,329.0,3.12,9.983,7.70,50.10362725,,2091.4,13.8,-39.029103,-2.449818,9.3,1.798,1.304,,,,,,,,,,0.685,1.205,0.491833909,,8.11147213,327.8243408,328.9754333,1837.516782,203.5437239,11.34720609,91.94840551,4.036221611,0.546522946,0,9.983238391,4.825937949,3.120929573,335.4626551,,0,0,8.397038929,150.2178865,150.8808509,1848.337301,194.6771006,9.393310379,101.643727,1.265486323,0.530847032,0,10.16436616,4.6445211,2.922540743,151.7776206
Lord Howe Island,LHI_LTS_15,13/07/2018,2:00,-31.531084,159.066768,12.50,0.155278,0.000000,5.937590,1.525509,7.420135,4.041681,394.144012,36,17.3,8.18,93.9,2349.354439,2076.700653,3.622,0.4844,356.5,2.96,10.318,7.72,42.44581708,,2099.5,13.9,-22.763947,-1.508708,9.08,1.928,1.694,,,,,,,,,,0.75,0.595,0.326909034,,8.083752632,355.237854,356.4883728,1870.940871,193.3991614,12.36076276,87.36636036,3.720653113,0.53676777,0,10.31811598,4.581580387,2.961855443,363.4277061,,0,0,8.365534099,164.4018933,165.1274568,1881.684096,184.7426168,10.27408216,96.48889073,1.178423249,0.52229142,0,10.51619604,4.405176301,2.772296352,166.1088484
Lord Howe Island,LHI_LTS_16,13/07/2018,3:00,-31.531084,159.066768,13.50,0.245458,0.000000,5.278825,1.443629,10.713993,3.886427,399.726758,36.2,17.2,8.15,91.4,2350.834421,2087.382064,3.552,0.4394,374.1,2.87,10.507,7.73,35.0833254,,2100.5,13.9,-13.167008,-0.900492,8.85,2.258,1.294,,,,,,,,,,0.535,2.580355273,0.434459057,,8.066059113,372.7623291,374.0761719,1886.979285,187.4089047,12.9939444,85.01237935,3.549163395,0.484561708,0,10.50741122,4.432980637,2.865788318,381.3102341,,0,0,8.345816049,173.4371951,174.2026345,1897.699452,178.8569608,10.82572122,93.82473128,1.128951871,0.471955491,0,10.71638823,4.260292582,2.681791392,175.2378488
Lord Howe Island,LHI_LTS_17,13/07/2018,4:00,-31.531084,159.066768,14.50,0.529736,0.000000,4.809977,1.375998,9.214193,2.884502,382.794838,36.3,17.4,8.17,91.1,2341.864832,2067.687103,2.983,0.4904,355.8,2.96,10.255,7.69,34.28225783,,2090.8,13.8,-23.158112,-1.524013,8.79,1.998,0.985,,,,,,,,,,0.665,0.355,0.483542316,,8.082324982,354.5999146,355.8465881,1861.558372,193.8461056,12.28251183,88.31725033,3.761949686,0.543291141,0,10.25470308,4.582335532,2.964088772,362.8170873,,0,0,8.365583438,163.4795768,164.2010697,1872.381204,185.1077324,10.19805375,97.5608508,1.18300426,0.528482579,0,10.45089455,4.406820704,2.77436391,165.1767954
Lord Howe Island,LHI_LTS_18,13/07/2018,5:00,-31.531084,159.066768,15.50,0.947194,0.000000,4.884925,1.386549,11.508372,3.582745,363.536890,36.3,17.6,8.2,92.8,2327.119826,2048.377422,2.379,0.4704,346.4,3.00,10.120,7.66,38.95401991,,2076.9,13.7,-28.490986,-1.839746,8.91,1.798,0.581,,,,,,,,,,0.798857632,1.109491306,0.169951914,,8.089559555,345.1799927,346.3905029,1840.165919,196.3242182,11.88727585,89.89215881,3.899162592,0.522558828,0,10.12029774,4.641383326,3.003724441,353.26373,,0,0,8.376070208,157.7624728,158.4587341,1851.063184,187.4728154,9.841413885,99.39558159,1.211917562,0.507888515,0,10.31154224,4.463125734,2.80981138,159.4003374
Lord Howe Island,LHI_LTS_19,13/07/2018,6:00,-31.531084,159.066768,16.50,1.342556,0.000000,4.240325,1.302369,5.495908,1.982019,394.287426,36.1,17.5,8.17,90.9,2331.360448,2050.836124,2.63,0.4764,341.4,3.03,10.106,7.69,32.89272257,,2082.2,13.8,-31.394345,-2.019883,8.74,1.958,0.672,,,,,,,,,,0.015,1.295,0.59942693,,8.096086502,340.1810608,341.3755188,1841.309348,197.7647963,11.76196114,90.09145173,3.908121607,0.529908781,0,10.10556825,4.682075436,3.028631888,348.1065258,,0,0,8.381219679,156.0498738,156.7385769,1852.131126,188.9586998,9.746278911,99.57759539,1.223302387,0.515039685,0,10.29418576,4.503314411,2.834418273,157.6700604
Lord Howe Island,LHI_LTS_20,13/07/2018,7:00,-31.531084,159.066768,17.50,1.617875,0.000000,3.207992,1.098026,0.933603,1.426264,384.187467,36.1,17.7,8.16,88.8,2346.110438,2077.694272,3.142,0.4674,370.1,2.92,10.386,7.66,26.31269078,,2093.0,13.7,-15.332095,-1.023109,8.5,1.978,1.164,,,,,,,,,,1.075,1.035,0.323355569,,8.069236755,368.8420105,370.1338806,1874.329286,190.6855009,12.67949644,86.15669216,3.744821256,0.51720002,0,10.38640508,4.514963772,2.921940083,377.5264561,,0,0,8.356936733,167.9806378,168.7219954,1885.317889,181.8849663,10.49142884,95.36705989,1.156780282,0.503100246,0,10.59532333,4.334731297,2.728310856,169.7246954
Lord Howe Island,LHI_LTS_21,13/07/2018,8:00,-31.531084,159.066768,18.50,1.708056,0.000000,2.189806,0.883110,0.000000,,366.574416,36,17.8,8.2,91.9,2326.990265,2047.348316,2.166,0.4244,344.9,3.03,10.109,7.65,35.06433459,,2076.7,13.7,-29.362134,-1.884186,8.77,1.555,0.611,,,,,,,,,,4.66,2.425,0.226425449,,8.091879845,343.66745,344.8696594,1838.239536,197.3221812,11.78658498,89.66537953,3.976808317,0.472419012,0,10.10919909,4.67580497,3.026398701,351.8024583,,0,0,8.381627124,155.6873967,156.3745,1849.210629,188.4081921,9.729481042,99.28559957,1.222909522,0.458939762,0,10.30235848,4.492581717,2.827302941,157.3038707
Lord Howe Island,LHI_LTS_22,13/07/2018,9:00,-31.531084,159.066768,19.50,1.588014,0.000000,1.747411,0.806385,0.000000,,372.437975,36,17.9,8.21,91.3,2325.784354,2053.903164,2.564,0.4334,359.6,2.95,10.259,7.63,33.33307733,,2074.9,13.6,-20.987217,-1.378142,8.7,1.998,0.566,,,,,,,,,,0.47,1.74,0.409827332,,8.076637268,358.3085327,359.5603333,1849.262327,192.3874126,12.25344365,87.39836853,3.876487552,0.480963983,0,10.25865742,4.559136324,2.951601605,366.8350608,,0,0,8.367576309,161.7702492,162.4841983,1860.290485,183.5030773,10.10962099,96.84068,1.183977672,0.46747397,0,10.46273022,4.375619557,2.753695496,163.4498804
Lord Howe Island,LHI_LTS_23,13/07/2018,10:00,-31.531084,159.066768,20.50,1.307917,0.000000,2.421457,0.945821,5.720049,1.402351,374.980153,35.6,18.1,8.21,93.9,2325.71459,2049.705628,2.288,0.4244,351.4,3.01,10.187,7.62,39.29588284,,2075.3,13.6,-25.550964,-1.650426,8.88,1.698,0.590,,,,,,,,,,0.798857632,1.109491306,0.403613433,,8.085961342,350.178772,351.3991394,1842.264467,195.5079245,11.93308786,87.9588601,4.01100626,0.472757602,0,10.18659836,4.647292587,3.008591144,358.6022045,,0,0,8.380322825,156.6328209,157.3240967,1853.347571,186.5458021,9.812106032,97.60740043,1.213067029,0.459152196,0,10.38862123,4.457542367,2.803731666,158.2593158
Lord Howe Island,LHI_LTS_24,13/07/2018,11:00,-31.531084,159.066768,21.50,0.909569,0.000000,3.624360,1.188621,6.846765,1.976348,388.529817,35.5,18.2,8.19,95.4,2307.097711,2040.925274,2.161,0.4294,363.9,2.91,10.336,7.61,43.35645911,,2059.3,13.6,-18.396747,-1.222958,9,1.534,0.627,,,,,,,,,,0.798857632,1.109491306,0.363514391,,8.07060051,362.641571,363.9037476,1839.850443,188.7455284,12.32923112,85.38563356,3.902304061,0.476899704,0,10.33646296,4.490137691,2.907164773,371.4115755,,0,0,8.366056111,161.687212,162.4007945,1850.9242,179.8661847,10.13481771,94.80967125,1.17236379,0.463426361,0,10.55023284,4.300169892,2.704358107,163.3662451
Lord Howe Island,LHI_LTS_25,13/07/2018,12:00,-31.531084,159.066768,22.50,0.510625,0.000000,4.301138,1.294658,6.626968,2.559854,397.690721,35.3,18.9,8.19,97.4,2308.702271,2046.349626,2.118,0.4174,380.4,2.89,10.418,7.52,46.51713856,,2056.1,13.3,-9.793196,-0.652013,9.01,1.435,0.683,,,,,,,,,,0.798857632,1.109491306,0.238841401,,8.05517292,379.0830383,380.3909302,1846.82402,186.8774267,12.64824411,83.65747349,4.011288682,0.463686069,0,10.41764399,4.454578427,2.888336174,388.599226,,0,0,8.361229327,164.218256,164.943009,1858.282736,177.7611165,10.30583836,93.29512407,1.156428776,0.450226943,0,10.64812574,4.254242798,2.674680147,165.92368
Lord Howe Island,LHI_LTS_26,13/07/2018,13:00,-31.531084,159.066768,23.50,0.212611,0.000000,3.760137,1.186673,3.099273,1.738560,360.081797,34.9,18.3,8.22,102.1,2277.537935,2003.887593,2.427,0.4374,337.5,2.99,10.120,7.63,61.70482493,,2036.6,13.6,-32.754497,-2.116957,9.6,1.738,0.689,,,,,,,,,,0.798857632,1.109491306,0.205353679,,8.09461689,336.3746338,337.5439148,1799.334678,193.1118894,11.44110081,87.37567656,4.12284951,0.489171441,0,10.12001171,4.614421427,2.985704119,344.5550165,,0,0,8.392169012,149.1194126,149.7775291,1810.275811,184.2310698,9.380787736,97.0939105,1.235388769,0.474816774,0,10.32148856,4.418106986,2.775945055,150.6682284
Lord Howe Island,LHI_LTS_27,13/07/2018,14:00,-31.531084,159.066768,24.50,0.091375,0.000000,3.146357,1.088338,3.258885,1.257297,380.805792,34.9,18.1,8.22,100.4,2273.013276,1999.335192,3.064,0.4664,333.4,2.98,10.110,7.65,56.73296859,,2034.3,13.6,-35.011365,-2.269408,9.47,2.138,0.926,,,,,,,,,,0.798857632,1.109491306,0.207800532,,8.098366737,332.2697144,333.4276428,1795.10476,192.8640391,11.36633133,87.58653273,4.080364987,0.521515626,0,10.10986047,4.607776547,2.97994585,340.2650069,,0,0,8.392842522,148.5299671,149.1854822,1805.918549,184.0728745,9.343706964,97.20926253,1.237306113,0.506362393,0,10.30790246,4.414313251,2.77356141,150.0726607
Lord Howe Island,LHI_LTS_28,13/07/2018,15:00,-31.531084,159.066768,25.50,0.207833,0.000000,3.112350,1.086021,0.908151,0.582181,367.977646,35,17.8,8.2,98.3,2326.501921,2055.555817,3.056,0.3674,350.5,2.98,10.315,7.69,51.7509718,,2081.4,13.7,-25.802581,-1.702064,9.35,1.432,1.624,,,,,,,,,,0.798857632,1.109491306,0.537435141,,8.088988304,349.2495422,350.4712524,1850.674648,192.8371565,12.04401054,85.86501523,3.887150215,0.409187229,0,10.31524159,4.602797549,2.97502549,357.520591,,0,0,8.37876474,158.1059754,158.8037527,1861.499499,184.1161739,9.940142321,95.17723174,1.199404874,0.397760964,0,10.52014267,4.413109364,2.773257391,159.7480777
Lord Howe Island,LHI_LTS_29,13/07/2018,16:00,-31.531084,159.066768,26.50,0.610702,0.000000,4.086750,1.255625,3.800884,1.411083,321.882811,34.8,17.9,8.24,109.1,2316.904461,2025.534308,2.911,0.6544,314.2,3.18,9.902,7.69,83.17306031,,2073.2,13.7,-47.678827,-2.944685,10.35,1.607,1.304,,,,,,,,,,0.798857632,1.109491306,0.588493489,,8.127168655,313.0658569,314.1596069,1809.111253,205.6461514,10.77699414,91.50139535,4.270926392,0.736226208,0,9.901761673,4.915925473,3.177180838,320.5200111,,0,0,8.419439666,140.825372,141.4468839,1819.916458,196.7535916,8.864349028,101.4567215,1.313729735,0.714262486,0,10.08383441,4.720801538,2.965637854,142.2880885
Lord Howe Island,LHI_LTS_30,13/07/2018,17:00,-31.531084,159.066768,27.50,1.173542,0.000000,4.735328,1.367370,6.772619,2.153463,323.563982,35.6,18,8.24,111.4,2283.846545,1986.113967,2.086,0.6374,303.4,3.19,9.670,7.64,91.02889806,,2040.7,13.6,-54.538133,-3.289050,10.55,1.573,0.513,,,,,,,,,,0.798857632,1.109491306,0.373894211,,8.13160038,302.3675537,303.4226379,1768.135448,207.6452356,10.3333917,95.29727293,4.413228264,0.717614255,0,9.670114649,4.93547216,3.194374681,309.6024799,,0,0,8.425277323,135.5670419,136.165347,1779.027749,198.593865,8.492461428,105.5939318,1.345362436,0.695537543,0,9.842134594,4.745432794,2.98481071,136.9747871
Nusa Penida,NP_TS_2,12/6/18,16:00,-8.676382,115.514758,0.00,1.190474375,8.14125,21.007618,2.464335389,0,,191.7183321,33.35176969,30.8,8.23,240.1,2357.28211,1886.172991,0.551685,0.39785,244.5,5.43,7.721,6.20,362.2454527,,2007.2,9.9,-120.988019,-3.888359,17.79,0,0.551685,,,,,,,,,,5.19396215,0.997032689,,,8.202819824,243.7321167,244.4592896,1550.184247,329.9390901,6.049581275,130.7102338,16.01625555,0.499710196,0,7.720888464,8.096252034,5.429431093,255.4472629,,0,0,8.699745702,63.60270336,63.88340448,1564.520062,317.6337754,4.019080785,154.5477266,2.483681529,0.465214794,0,7.972658796,7.645718629,4.79755336,64.26346247
Nusa Penida,NP_TS_3,12/6/18,17:00,-8.676382,115.514758,1.00,1.317908125,8.03375,12.1583085,1.854530218,0,,214.6960696,33.73567687,30.7,8.19,227.6,2323.041309,1909.765475,0.975685,0.39285,302.4,4.75,8.129,6.19,333.5960891,,1978.6,9.9,-68.825589,-2.455852,16.87,0,0.975685,,,,,,,,,,5.19396215,0.997032689,,,8.126763344,301.4729919,302.3735046,1612.614803,289.6649669,7.485761128,117.1981345,13.42606506,0.479913155,0,8.12936422,7.081735196,4.751022922,315.8809289,,0,0,8.618690461,79.68001975,80.03167573,1628.026381,276.7155255,5.023625008,139.0660983,2.071183362,0.448930236,0,8.386934431,6.64834371,4.174595312,80.5077055
Nusa Penida,NP_TS_4,12/6/18,18:00,-8.676382,115.514758,2.00,1.566979167,7.9175,6.458595601,1.40288398,0.692468634,1.134598473,293.7292515,34.11958406,29.7,7.95,143.6,2236.857269,1856.370893,0.497685,0.37785,310.6,4.29,8.276,6.28,142.4732435,,1916.2,10.2,-59.811724,-2.300096,10.84,0,0.497685,,,,,,,,,,5.19396215,0.997032689,,,8.1046772,309.657135,310.5932312,1584.901689,263.6170788,7.85206106,112.4739531,11.8004584,0.454857841,0,8.276262951,6.407767233,4.287162822,323.6596453,,0,0,8.579603998,85.60896855,85.98679107,1600.197224,250.7883829,5.385222546,132.7562444,1.902320692,0.427199396,0,8.527434329,6.013997789,3.778710199,86.49813645
Nusa Penida,NP_TS_5,12/6/18,19:00,-8.676382,115.514758,3.00,1.861125,7.8475,4.447688412,1.190454375,2.822895816,1.155352352,371.789862,34.16265929,29.1,7.85,110.6,2247.056848,1962.856161,0.539685,0.37985,480.7,3.28,9.665,6.34,65.62097159,,1929.1,10.3,33.799887,2.027184,8.44,0,0.539685,,,,,,,,,,5.19396215,0.997032689,,,7.95616293,479.192749,480.6517944,1748.138185,202.3984788,12.31949262,85.7318086,7.966036123,0.435257247,0,9.665168069,4.911845695,3.279844904,500.1566024,,0,0,8.415825488,137.6227306,138.2301082,1764.411373,189.7892608,8.655523244,101.3515085,1.305214235,0.414207275,0,10.01327186,4.550497125,2.859310709,139.0521196
Nusa Penida,NP_TS_6,12/6/18,20:00,-8.676382,115.514758,4.00,2.078708333,7.8325,3.879951576,1.118127001,2.130427181,1.176106231,392.8480886,34.25982956,29.1,7.83,103.9,2266.997344,1926.814059,0.530685,0.38685,375.0,3.87,8.846,6.34,50.10237972,,1944.5,10.3,-17.657499,-0.673575,7.94,0,0.530685,,,,,,,,,,5.19396215,0.997032689,,,8.046235085,373.9003296,375.0387878,1678.247761,238.9526081,9.61372011,100.6006552,9.797565998,0.455240423,0,8.846093895,5.800212602,3.872877974,390.2580482,,0,0,8.509808181,106.4264762,106.8961737,1694.008226,226.11139,6.69447315,118.7190679,1.620042239,0.430263654,0,9.120642604,5.422048102,3.406814798,107.5318604
Nusa Penida,NP_TS_7,12/6/18,21:00,-8.676382,115.514758,5.00,2.173962083,7.82,4.146114359,1.15348628,1.475316882,0.547111514,414.9791814,34.35699983,28.9,7.82,98.5,2238.608894,2041.079073,0.543685,0.38585,747.0,2.40,11.577,6.35,37.69411631,,1922.8,10.3,118.245454,8.908850,7.56,0,0.543685,,,,,,,,,,5.19396215,0.997032689,,,7.794403076,744.6795654,746.9524536,1873.589514,148.250261,19.23932914,62.72153175,5.390142475,0.423616448,0,11.57730998,3.597783806,2.400579458,776.9019476,,0,0,8.242436592,219.8939856,220.8644552,1890.953802,136.2914339,13.83386831,73.79479589,0.875016989,0.408228664,0,12.21704532,3.268610342,2.053671035,222.1779023
Nusa Penida,NP_TS_8,12/6/18,22:00,-8.676382,115.514758,6.00,2.076572125,7.80625,5.126247087,1.290889861,2.930614895,0.586586587,435.6419884,34.37463255,28.9,7.82,95.2,2257.680226,2060.295449,0.560685,0.39985,760.1,2.41,11.634,6.35,29.58849911,,1938.0,10.3,122.284219,9.242676,7.3,0,0.560685,,,,,,,,,,5.19396215,0.997032689,,,7.790982723,757.7857056,760.0985718,1891.989927,148.7331477,19.57224036,62.44841979,5.353580646,0.438624229,0,11.63423556,3.607640859,2.40740233,790.5741936,,0,0,8.238926047,223.8218305,224.809635,1909.513063,136.7061739,14.07607823,73.46932654,0.868629028,0.422782472,0,12.28431674,3.277593611,2.059511016,226.1465012
Nusa Penida,NP_TS_9,12/6/18,23:00,-8.676382,115.514758,7.00,1.908868042,7.78875,6.214264856,1.435905336,2.990188429,0.648723469,453.7669171,34.35983918,28.9,7.8,89.4,2253.157053,2083.543517,0.552685,0.40585,890.8,2.14,12.416,6.35,16.1347376,,1934.5,10.3,149.079528,12.603269,6.87,0,0.552685,,,,,,,,,,5.19396215,0.997032689,,,7.730326653,888.1156616,890.826355,1928.630176,131.9796788,22.93360088,55.48815354,4.659335218,0.43910677,0,12.41605733,3.200076258,2.135588168,926.5425565,,0,0,8.174005932,264.9501914,266.1195099,1946.747085,120.137936,16.65843373,64.96749501,0.748430474,0.425010542,0,13.25327521,2.879748871,1.809644266,267.7019955
Nusa Penida,NP_TS_10,12/7/18,0:00,-8.676382,115.514758,8.00,1.606018833,7.76375,7.456087213,1.572412604,3.092790058,0.80554772,477.2042092,34.34504581,28.9,7.77,84.1,2254.667921,2080.909749,0.549685,0.40185,871.0,2.17,12.294,6.35,3.305974756,,1935.8,10.3,145.147542,12.087611,6.46,0,0.549685,,,,,,,,,,5.19396215,0.997032689,,,7.73899889,868.3590088,871.0093384,1924.03843,134.4525346,22.41870998,56.55050115,4.756982828,0.435606832,0,12.29353875,3.258816233,2.174946603,905.9302268,,0,0,8.183347219,258.6632211,259.8047929,1942.075356,122.5752639,16.25905531,66.26221902,0.765120206,0.421363925,0,13.09913748,2.937545512,1.846088557,261.3496925
Nusa Penida,NP_TS_11,12/7/18,1:00,-8.676382,115.514758,9.00,1.25464125,7.725625,10.44088556,1.818298918,5.341092587,1.053448025,515.5311807,33.94402504,28.8,7.77,81,2274.882988,2015.217496,0.562685,0.39385,552.2,3.03,10.210,6.38,-4.957716397,,1955.1,10.4,60.136075,3.867315,6.22,0,0.562685,,,,,,,,,,5.19396215,0.997032689,,,7.910893917,550.5058594,552.1881104,1813.250918,187.7229537,14.24356885,78.74338079,7.010388327,0.444947515,0,10.2098063,4.547652129,3.034283997,574.1933666,,0,0,8.364077738,160.7402766,161.44968,1829.87778,175.2378749,10.10178554,92.94813038,1.160510209,0.425200529,0,10.6150429,4.198901568,2.63892375,162.4097046
Nusa Penida,NP_TS_12,12/7/18,2:00,-8.676382,115.514758,10.00,0.989880417,7.681875,19.99568527,2.410803415,13.23870434,1.875199145,563.4406183,33.84774463,28.8,7.7,70.4,2286.468405,2072.998315,0.562685,0.38885,707.6,2.58,11.301,6.38,-30.37657705,,1964.9,10.4,108.071558,7.886871,5.41,0,0.562685,,,,,,,,,,5.19396215,0.997032689,,,7.822654247,705.4459839,707.6017456,1895.235547,159.4946272,18.26814832,66.12601253,5.703385125,0.42959537,0,11.3006377,3.869704163,2.581173925,735.8030601,,0,0,8.271217251,208.1470616,209.0656878,1912.594161,147.3096194,13.094542,77.91214996,0.935016907,0.413274203,0,11.87690207,3.532783644,2.219665782,210.3089668
Nusa Penida,NP_TS_13,12/7/18,3:00,-8.676382,115.514758,11.00,0.66038125,7.58,34.64545586,3.305537626,16.48737889,2.41628203,733.5539524,33.75146422,28.7,7.64,60,2363.345698,2190.813851,2.047685,0.39385,936.5,2.22,12.661,6.40,-55.80680186,,2027.9,10.4,162.896859,13.845405,4.61,0,2.047685,,,,,,,,,,5.19396215,1.994065379,,,7.730654716,933.6764526,936.53302,2029.412893,137.1448256,24.25616914,54.6760556,4.560419587,0.425825049,0,12.6609619,3.331790333,2.220953725,973.6377902,,0,0,8.171901205,280.2972606,281.5343111,2048.161535,125.0006968,17.6516565,64.03508442,0.742213917,0.412431728,0,13.53285506,3.000364082,1.884602536,283.2087059
Nusa Penida,NP_TS_14,12/7/18,4:00,-8.676382,115.514758,12.00,0.456372292,7.455625,50.17001642,4.234416117,11.61573158,1.841285221,1080.016332,33.31868236,28.6,7.53,41.2,2439.151591,2308.629387,1.577685,0.37885,1241.0,1.87,14.229,6.42,-101.6128971,,2092.0,10.5,216.628167,21.881419,3.17,0,1.577685,,,,,,,,,,5.19396215,0.997032689,,,7.636695385,1237.235962,1241.025879,2161.125287,115.1646446,32.33952191,43.72793667,3.591131517,0.401490932,0,14.22880316,2.815574434,1.873510289,1289.919538,,0,0,8.068039619,380.0180227,381.695176,2181.603281,102.9871633,24.03900929,50.61257309,0.578574405,0.391449469,0,15.58653182,2.481139889,1.556343445,383.9661937
Nusa Penida,NP_TS_15,12/7/18,5:00,-8.676382,115.514758,13.00,0.442591875,7.366875,57.16516928,4.638710578,4.956221686,1.232384703,1480.673311,33.33098383,28.4,7.39,27.5,2688.399048,2619.788823,2.357685,0.37985,2076.2,1.45,16.433,6.44,-134.7539711,,2292.1,10.5,327.686040,43.872191,2.13,0,2.357685,,,,,,,,,,5.19396215,0.997032689,,,7.471916676,2069.831543,2076.187256,2475.92147,89.48803886,54.37924076,30.73401129,2.411786296,0.389982943,0,16.43275021,2.188245293,1.454902679,2157.00674,,0,0,7.879163571,673.1287809,676.0995352,2500.90059,76.28880241,42.59935631,34.17613116,0.374154743,0.383754076,0,18.89339399,1.83859186,1.153125927,680.1223684
Nusa Penida,NP_TS_16,12/7/18,6:00,-8.676382,115.514758,14.00,0.5206375,7.379375,52.45437784,4.360527724,3.307372759,1.081949597,1591.845152,33.3432853,28.3,7.3,9.8,2592.580374,2532.307204,0.857685,0.38085,2085.3,1.35,16.491,6.45,-177.8815686,,2216.9,10.5,315.369460,44.236816,0.76,0,0.857685,,,,,,,,,,5.19396215,0.997032689,,,7.455408573,2078.917969,2085.309326,2394.656783,82.88210653,54.76816871,29.50688734,2.298615232,0.389739895,0,16.49130711,2.027551792,1.347413969,2165.998658,,0,0,7.85830077,683.2374219,686.2527892,2418.848017,70.20078364,43.25825808,32.60476877,0.356250518,0.383866757,0,19.01371566,1.692475628,1.061329601,690.3361997
Nusa Penida,NP_TS_17,12/7/18,7:00,-8.676382,115.514758,15.00,0.690509167,7.493125,42.41969664,3.772114993,2.935015157,1.132348571,1413.541306,33.62492514,28.6,7.37,30.3,2511.237249,2429.55986,0.763685,0.38585,1771.4,1.48,15.820,6.41,-127.5222021,,2147.6,10.4,281.945358,35.678127,2.33,0,0.763685,,,,,,,,,,5.19396215,0.997032689,,,7.507441998,1766.037598,1771.447266,2292.340416,91.09930185,46.12010934,33.65539886,2.675711979,0.398954592,0,15.81976152,2.223748285,1.480241041,1841.231305,,0,0,7.922992866,562.9480571,565.4325451,2315.385218,78.60206331,35.5725459,37.85304659,0.415291632,0.391730636,0,17.97409331,1.89200319,1.187202477,568.7964383
Nusa Penida,NP_TS_18,12/7/18,8:00,-8.676382,115.514758,16.00,0.972950833,7.67125,31.74541187,3.192451979,3.810153926,1.634402074,940.3460598,33.90656498,28.9,7.66,80.8,2368.052491,2314.312248,0.536685,0.38385,2021.6,1.20,16.156,6.37,-5.301667193,,2029.0,10.4,285.275139,41.824516,6.2,0,0.536685,,,,,,,,,,5.19396215,0.997032689,,,7.430015564,2015.482178,2021.633789,2188.034433,74.09932301,52.17839485,29.15405153,2.311610388,0.391761877,0,16.15620379,1.804796702,1.203324921,2102.711185,,0,0,7.837848639,653.3767868,656.2603686,2210.933184,62.17305157,41.20591538,32.05919157,0.342842423,0.385926028,0,18.69368767,1.494130526,0.938105301,660.1639214
Nusa Penida,NP_TS_19,12/7/18,9:00,-8.676382,115.514758,17.00,1.242912083,7.820625,24.05533867,2.751675561,3.810153926,1.634402074,508.9428036,34.40186391,29.1,7.76,115.4,2396.465879,2164.845911,0.666685,0.37285,715.4,2.82,11.140,6.33,78.38281429,,2047.0,10.3,117.849207,8.027325,8.84,0,0.666685,,,,,,,,,,5.19396215,0.997032689,,,7.835329056,713.2772217,715.4490356,1972.316441,174.2223144,18.3072974,69.23796313,6.067933412,0.413731759,0,11.14032005,4.215594593,2.8165121,744.4764913,,0,0,8.28988217,207.3140125,208.2289623,1990.398029,161.4351472,13.01287671,81.82452555,0.980830327,0.397277598,0,11.68932024,3.864155254,2.429311245,209.467012
Nusa Penida,NP_TS_20,12/7/18,10:00,-8.676382,115.514758,18.00,1.387822917,7.876875,18.68712626,2.422936365,0.481122439,1.136524484,414.2977962,34.56481748,29.2,7.88,140.4,2320.570314,2018.975681,0.549685,0.38585,479.8,3.49,9.543,6.32,137.6288221,,1984.7,10.2,34.297702,1.991685,10.72,0,0.549685,,,,,,,,,,5.19396215,0.997032689,,,7.966938496,478.3671265,479.8219299,1790.963164,215.7732737,12.23935477,89.31631166,8.311832354,0.443595125,0,9.542684653,5.214369535,3.485913378,499.4050067,,0,0,8.429048839,136.6071372,137.2100326,1807.647345,202.7622013,8.566246443,105.6267717,1.35418248,0.421487969,0,9.876486785,4.849265008,3.049378869,138.0257578
Nusa Penida,NP_TS_21,12/7/18,11:00,-8.676382,115.514758,19.00,1.469659167,7.93,17.81222546,2.372680473,3.993888998,1.226366396,345.0081464,34.72777104,29.2,7.91,133.5,2244.06233,1930.658335,0.561685,0.40285,425.2,3.55,9.152,6.31,120.9314247,,1922.6,10.2,8.038828,0.597005,10.18,0,0.561685,,,,,,,,,,5.19396215,0.997032689,,,7.996533394,423.8780212,425.1671143,1699.764091,220.0579512,10.83631382,94.80089361,8.924624721,0.46706064,0,9.152380974,5.310028625,3.550780798,442.517947,,0,0,8.459357487,120.8903007,121.4238321,1715.918124,207.1670026,7.573230211,111.9159091,1.45511622,0.442630993,0,9.453213519,4.950390677,3.11370898,122.1456423
Nusa Penida,NP_TS_22,12/7/18,12:00,-8.676382,115.514758,20.00,1.447225,8.02,21.29013366,2.583095796,9.184187883,1.570266885,281.2514058,34.98786357,29.9,7.97,159.5,2264.077008,1898.738394,0.526685,0.40385,353.5,4.10,8.483,6.23,180.592906,,1931.2,10.1,-32.509409,-1.208953,12.01,0,0.526685,,,,,,,,,,5.19396215,0.997032689,,,8.061325073,352.4654846,353.5284424,1636.151092,253.7343561,8.852990978,108.9235344,11.06279765,0.479596205,0,8.482531567,6.114917108,4.100600087,368.5720165,,0,0,8.537607744,97.14797852,97.57672675,1652.17617,240.4872405,6.075028699,128.7290753,1.748997978,0.451066756,0,8.744062588,5.737643161,3.610349977,98.15668224
Nusa Penida,NP_TS_23,12/7/18,13:00,-8.676382,115.514758,21.00,1.362047083,8.0975,24.68196218,2.786605697,9.264072553,1.739529575,231.4232791,34.59065087,30.2,8.08,197.7,2290.901184,1863.168294,1.190685,0.41585,276.5,4.81,7.912,6.21,267.970225,,1952.3,10.0,-89.152995,-3.118888,14.79,0,1.190685,,,,,,,,,,5.19396215,0.997032689,,,8.148745537,275.7128601,276.5413513,1560.432262,295.8421116,6.893946096,124.5201387,13.76197784,0.509696246,0,7.911776975,7.165454344,4.806522541,288.5253123,,0,0,8.63342476,74.37869453,74.70695389,1575.629643,282.8742926,4.664383708,146.881445,2.167664454,0.476049938,0,8.153763334,6.765610965,4.254372093,75.15109568
Nusa Penida,NP_TS_24,12/7/18,14:00,-8.676382,115.514758,22.00,1.25532125,8.1225,25.18048347,2.81305964,5.411995942,1.572151483,215.3323976,34.4779996,30.6,8.12,207.9,2288.249545,1848.528512,1.878685,0.41985,255.4,5.04,7.838,6.18,289.700756,,1947.5,9.9,-98.928519,-3.571161,15.45,0.201,1.677685,,,,,,,,,,5.19396215,0.997032689,,,8.179693222,254.662735,255.4243622,1535.977868,306.1941056,6.35653707,124.501072,14.86695281,0.522217275,0,7.838032796,7.524892355,5.040456624,266.7704635,,0,0,8.672177745,67.20436428,67.5009608,1550.419247,293.856953,4.2523109,147.3071851,2.324015851,0.487357634,0,8.090212556,7.081051141,4.441344417,67.90258909
Nusa Penida,NP_TS_25,12/7/18,15:00,-8.676382,115.514758,23.00,1.160128333,8.16,22.72460726,2.655533892,2.431900345,1.573074029,194.5730554,34.36534833,30.8,8.16,219.1,2321.055563,1957.675353,0.672685,0.38985,355.6,4.33,8.723,6.16,313.6271689,,1972.4,9.9,-14.750794,-1.014919,16.2,0,0.672685,,,,,,,,,,5.19396215,0.997032689,,,8.080561638,354.5036316,355.5612793,1688.605553,260.1961795,8.873476991,99.91000176,11.68707915,0.469130001,0,8.722651607,6.484159924,4.330983427,371.5586345,,0,0,8.572509054,93.3966686,93.80886098,1704.093911,247.6186286,5.962669555,119.4754668,1.809856617,0.44185072,0,9.016318203,6.009091925,3.756668721,94.36747513
Nusa Penida,NP_TS_26,12/7/18,16:00,-8.676382,115.514758,24.00,1.157369583,8.176875,17.55426989,2.278462524,0.612555631,1.65657878,193.612999,34.36022298,31,8.21,217.8,2273.568315,1766.042779,1.384685,0.41285,113.3,7.07,7.837,6.14,309.538668,,1933.1,9.8,-167.063056,-6.810605,16.05,0.037,1.347685,,,,,,,,,,5.19396215,0.997032689,,,8.544273376,112.9942627,113.330574,1365.151425,397.8576547,3.033587513,88.80338879,23.37075664,0.530447235,0,7.836702922,11.39256655,7.070244147,118.5353499,,0,0,9.064766306,27.15923179,27.27909504,1365.997598,398.1459159,1.899153794,106.5427921,4.222993418,0.514074402,0,8.215011972,10.27951578,5.986088837,27.44289002
Nusa Penida,NP_TS_27,12/7/18,17:00,-8.676382,115.514758,25.00,1.235512083,8.160625,11.39908601,1.786628142,0,,217.1322654,34.49958001,30.9,8.14,226.4,2300.470028,1845.329327,1.252685,0.42885,141.8,6.48,8.260,6.15,330.6331289,,1954.4,9.9,-109.106220,-6.035262,16.73,0.05,1.202685,,,,,,,,,,5.19396215,0.997032689,,,8.487782478,141.3394318,141.7606201,1478.232514,363.2724482,3.824339113,75.57448223,19.59132408,0.529998137,0,8.260329138,10.51886686,6.476277089,148.2364673,,0,0,9.003990159,34.33654778,34.48808706,1481.194515,361.7176706,2.417115556,91.75819036,3.566756385,0.516102258,0,8.613220833,9.38618662,5.425648823,34.69529378
Nusa Penida,NP_TS_28,12/7/18,18:00,-8.676382,115.514758,26.00,1.420854167,8.1375,6.388341432,1.351771855,0,,298.3201989,34.63893704,30.4,8.19,138.9,2238.148318,1901.337418,1.653685,0.41485,217.1,4.88,9.429,6.19,131.1354662,,1908.4,10.0,-7.082993,-4.006419,10.39,0.206,1.447685,,,,,,,,,,5.19396215,1.994065379,,,8.348303795,216.4399567,217.0888062,1621.789037,273.5898635,5.958510672,55.59268137,13.11078718,0.480681867,0,9.428899821,7.992871323,4.875791192,226.7202207,,0,0,8.850465218,54.53181155,54.77247963,1628.520236,268.952715,3.864460149,68.82335488,2.429211732,0.471549998,0,9.789088581,7.01583644,4.02500884,55.10175652
Nusa Penida,NP_TS_29,12/7/18,19:00,-8.676382,115.514758,27.00,1.682051964,8.051875,4.130298874,1.132184741,1.517244661,0.815840971,380.9390954,35.02745011,30.1,7.87,104.8,2214.631788,1957.345508,0.905685,0.42585,364.7,3.56,10.650,6.21,51.25265737,,1890.0,10.0,67.374805,-0.156832,7.85,0.102,0.803685,,,,,,,,,,5.19396215,0.997032689,,,8.128234863,363.5988159,364.692749,1743.857558,203.6307967,9.857166714,54.06274929,8.969521572,0.487931678,0,10.64984089,5.669159753,3.562662083,380.5442196,,0,0,8.61387346,96.03212093,96.45594449,1755.498664,195.2241177,6.622739386,66.63167732,1.580705463,0.474945034,0,11.09783307,4.990946772,2.949326992,97.0343746
Heron Island,TS- 001,10/9/11,12:00,-23.506643,152.091408,0.00,0.285166667,8.055,12.13405674,2.785033207,20.32785907,6.697676242,329.7912285,36.91833333,26.8,8.084,135.5,2294,2051.195,1.494320575,0.439329908,505.8,2.97,10.851,6.72,127.5971413,,2005.3,11.1,45.943901,2.929189,10.8,0.661297807,0.833022768,,,,,2,0.7383,0.1684,,,,,,,7.963135719,504.2306824,505.8091431,1856.246565,180.9458984,14.00266669,68.88873836,6.096021185,0.497320772,0,10.8512232,4.530747732,2.971525164,523.7120479,,0,0,8.388619701,157.8665721,158.5632929,1871.081873,169.9222709,10.19098582,81.0548783,1.153587163,0.478579369,0,11.27305122,4.157711606,2.586157367,159.5084623
Heron Island,TS- 002,10/9/11,13:05,-23.506643,152.091408,1.08,0.237166667,8.133333333,16.21767701,3.19896241,19.05551143,6.942538707,278.2692636,36.79333333,26.1,8.139,155.2,2259,1939.135,1.584448871,0.404174346,316.6,3.80,9.309,6.82,171.1418505,,1986.4,11.3,-47.252695,-2.356801,12.3,0.717613713,0.866835157,,,,,1.7,1.0242,0.1968,,,,,,,8.127967834,315.629364,316.6258545,1698.391984,231.7927317,8.950306115,88.53564157,8.263095569,0.477499466,0,9.308793413,5.825309405,3.803997485,327.3684044,,0,0,8.549157698,100.1359336,100.5778687,1711.684334,220.9595022,6.491185664,103.5373933,1.651974791,0.456234115,0,9.574202506,5.422566438,3.365588126,101.1776241
Heron Island,TS- 003,10/9/11,14:04,-23.506643,152.091408,2.07,0.206833333,8.186666667,17.72404218,3.309388759,32.21900447,9.450724193,259.0217355,36.72666667,26.8,8.13,164.3,2200,1900.015,2.013794113,0.505301875,346.2,3.54,9.445,6.72,199.1596413,,1928.5,11.1,-28.485732,-1.488526,13.09,0.713794113,1.3,,,,,2.2,1.1132,0.2032,,,,,,,8.083174706,345.1504211,346.2309265,1675.149304,215.2807939,9.58495161,85.651939,8.036836857,0.591992309,0,9.444628873,5.390467413,3.535378819,358.4856213,,0,0,8.513065313,106.9895383,107.4617208,1688.844011,204.2643905,6.906648149,100.5117999,1.536370737,0.565377244,0,9.732166668,4.998005397,3.108832383,108.1022822
Heron Island,TS- 004,10/9/11,15:00,-23.506643,152.091408,3.00,0.382944444,8.138333333,20.52351127,3.608324047,58.37884113,14.97565181,248.2279229,36.87666667,27.3,8.228,169.2,2233,1851.37,1.526162479,0.404329316,246.9,4.47,8.406,6.66,208.6167891,,1952.5,10.9,-101.164790,-4.189476,13.34,0.698501431,0.827661048,,,,,1.8,1.3031,0.2218,,,,,,,8.204283714,246.1099091,246.8757172,1573.233506,271.3819591,6.754510923,105.7917886,11.07292534,0.494198989,0,8.405590634,6.809176968,4.471483329,255.8839639,,0,0,8.64664879,73.91464939,74.24086076,1586.251819,260.3440493,4.774107614,123.8574002,2.086834463,0.468083373,0,8.643647394,6.372666377,3.962802121,74.68342005
Heron Island,TS- 005,10/9/11,16:05,-23.506643,152.091408,4.08,0.872888889,8.06,20.90888227,3.748062812,43.44324665,12.60604979,281.8720041,37.06,25.5,8.145,144.1,2264,1983.975,1.522264345,0.407874252,362.4,3.41,10.076,6.96,149.5306605,,2003.1,11.6,-19.152930,-1.087522,11.74,0.829110354,0.693153991,,,,,0.5,1.2957,0.2288,,,,,,,8.089193344,361.2577515,362.4066467,1766.450524,207.0406163,10.48391982,75.99763803,6.937955944,0.472985532,0,10.07617809,5.258047413,3.40857876,374.2693344,,0,0,8.49995994,117.612677,118.1317432,1779.483723,196.7955286,7.695809115,88.96648214,1.439084283,0.454886584,0,10.38730814,4.86086126,3.000593024,118.8367753
Heron Island,TS- 006,10/9/11,17:03,-23.506643,152.091408,5.05,1.355388889,8.056666667,16.89811145,3.390330204,23.69747464,9.568212644,284.889487,37.105,24.9,8.147,141.2,2267,2008.71,1.941742166,0.395476662,394.6,3.16,10.551,7.04,143.8738528,,2011.3,11.8,-2.578452,-0.158628,11.64,1.127124876,0.81461729,,,,,0.8,1.0007,0.2022,,,,,,,8.060526848,393.3452759,394.6054077,1804.459528,192.6470897,11.60343865,70.57045111,6.133195212,0.453073304,0,10.55087295,4.892143362,3.16333194,407.0560603,,0,0,8.460926217,131.5843848,132.165113,1817.417349,182.6717877,8.620919651,82.39609752,1.310870343,0.437164056,0,10.89195255,4.515855123,2.785414684,132.9539897
Heron Island,TS- 007,10/9/11,18:07,-23.506643,152.091408,6.12,1.714,8.065,13.93594134,3.085324777,39.51707752,12.4813861,271.7504201,37.12,24.3,8.152,132,2214,1923.775,1.617604432,0.409743576,316.0,3.45,9.761,7.09,121.5789157,,1968.7,11.9,-44.957300,-2.502573,10.98,0.820421655,0.797182777,,,,,0.4,0.7489,0.1756,,,,,,,8.128878593,314.9554443,315.9718933,1703.229385,211.1352257,9.410456643,80.70627283,6.882222711,0.477671784,0,9.760549935,5.332544456,3.448771203,325.5767125,,0,0,8.5220367,107.5743507,108.0491142,1715.523205,201.2255158,7.026347119,93.60635776,1.521467568,0.459404055,0,10.0301141,4.964231724,3.067778392,108.6938658
Heron Island,TS- 008,10/9/11,19:15,-23.506643,152.091408,7.25,1.847833333,8.035,15.43716249,3.272085368,27.25798806,12.91388281,283.3349874,37.15666667,23.4,8.097,111.5,2286,2024.525,0.984179,0.358645488,375.9,3.17,10.533,7.20,68.66905331,,2036.3,12.2,-11.820459,-0.734402,9.4,0.488059286,0.496119714,,,,,0.3,0.9739,0.2017,,,,,,,8.079419136,374.688324,375.9109497,1818.355412,194.7092781,11.46038815,72.56607426,5.669511375,0.410070443,0,10.53345661,4.906160606,3.165111433,386.7183433,,0,0,8.457226166,133.2719827,133.8601589,1830.79744,185.0233143,8.70432349,83.86360662,1.310745475,0.396244184,0,10.84351317,4.564346646,2.820755986,134.6589263
Heron Island,TS- 009,10/9/11,20:11,-23.506643,152.091408,8.18,1.705111111,7.981666667,13.28540365,3.044548661,0,#DIV/0!,332.339671,37.2,23.7,8.017,100.4,2309,2090.855,1.52092213,0.373583939,500.2,2.69,11.642,7.14,41.94513027,,2049.2,12.1,41.618916,3.019998,8.48,0.945925878,0.574996252,,,,,0.3,0.7891,0.1817,,,,,,,7.975743771,498.5591431,500.1799927,1910.075957,165.7007949,15.07828393,62.14675236,4.648965633,0.416811548,0,11.64182428,4.158393595,2.691124594,514.8248972,,0,0,8.354185487,176.8482033,177.6286967,1923.360334,155.9891477,11.50555445,71.89623756,1.044607879,0.404292489,0,12.07670434,3.837830874,2.377207427,178.6882632
Heron Island,TS- 010,10/9/11,21:01,-23.506643,152.091408,9.02,1.326666667,7.968333333,10.0627383,2.66242954,15.45812045,8.505766979,360.6826211,37.21666667,23.2,7.998,96.2,2308,2103.19,1.121170583,0.380183072,519.1,2.56,12.037,7.22,30.52213438,,2055.6,12.3,47.575498,3.649262,8.2,0.535158174,0.586012408,,,,,0.3,0.5462,0.1521,,,,,,,7.964103699,517.4537964,519.1464233,1929.508228,157.7811012,15.90060822,58.63382876,4.280946915,0.421572981,0,12.03699299,3.970262436,2.561025936,533.8865647,,0,0,8.334304834,187.5383847,188.3660576,1942.552467,148.3976644,12.23980686,67.6532061,0.989533872,0.409854865,0,12.50627034,3.659034126,2.262252728,189.4899979
Heron Island,TS- 011,10/9/11,22:00,-23.506643,152.091408,10.00,0.843333333,7.98,10.76256234,2.745549643,15.97485333,7.064604684,373.6422244,37.22166667,23.5,8.004,94.6,2312,2098.82,1.171703542,0.371753357,508.7,2.64,11.807,7.17,26.48638332,,2054.4,12.1,44.435479,3.296922,8.02,0.552799732,0.61890381,,,,,0.8,0.6489,0.1653,,,,,,,7.970951557,507.0137634,508.6661682,1920.768133,162.6191512,15.43288841,60.6606312,4.495343833,0.413720966,0,11.80701939,4.085951439,2.640671995,523.377825,,0,0,8.346112046,181.3898549,182.1903922,1933.967624,153.0353928,11.81715522,70.10800316,1.021692196,0.401682208,0,12.25612761,3.76871294,2.332553733,183.2773047
Heron Island,TS- 012,10/9/11,23:04,-23.506643,152.091408,11.07,0.44,7.965,10.50837508,2.720753114,15.38956044,5.578227145,379.0459221,37.22166667,23.3,8.006,92.9,2293,2084.43,1.579343457,0.464128316,509.8,2.58,11.885,7.20,21.92599936,,2040.2,12.2,44.276680,3.348931,7.9,0.879343457,0.7,,,,,0.4,0.6156,0.1613,,,,,,,7.96700573,508.1369934,509.7970581,1909.856486,159.023987,15.54936874,59.91432679,4.374730892,0.515514342,0,11.88473759,3.994006848,2.579721827,524.3595888,,0,0,8.338798305,183.4252859,184.2348062,1922.900889,149.5784669,11.95048528,69.13956287,1.004469236,0.500811313,0,12.33959711,3.683735409,2.279878049,185.3339214
Heron Island,TS- 013,10/10/11,0:05,-23.506643,152.091408,12.08,0.285888889,7.915,11.910383,2.908202828,18.30061402,5.521706211,422.9264359,37.24333333,23.2,7.958,85.5,2312,2132.31,1.384073336,0.389923575,611.1,2.29,12.826,7.21,2.599165671,,2056.5,12.2,75.769961,6.451020,7.29,0.770052903,0.614020433,,,,,0,0.7536,0.1793,,,,,,,7.901761055,609.0703735,611.0626831,1972.431159,141.2020955,18.67681194,52.98125868,3.738982922,0.426382393,0,12.82646568,3.542840434,2.288518838,628.4087441,,0,0,8.268959118,222.3566961,223.3380345,1985.931741,131.9005117,14.47781418,60.96959992,0.856680148,0.415595995,0,13.41801737,3.246961951,2.010293412,224.6703567
Heron Island,TS- 014,10/10/11,1:03,-23.506643,152.091408,13.05,0.231611111,7.885,14.11562383,3.173190939,17.01070351,5.288666932,472.0830705,37.25,23.2,7.906,78.7,2316,2179.645,1.34090114,0.393210227,817.4,1.85,14.367,7.18,-14.7831599,,2056.8,12.2,122.879375,12.719235,6.71,0.699243933,0.641657207,,,,,1.2,0.9004,0.1964,,,,,,,7.788605213,814.7388306,817.4039307,2040.458105,114.2787646,24.90813248,43.48289605,2.915207219,0.420043882,0,14.36674603,2.855316402,1.8479914,840.5999316,,0,0,8.149027039,302.3150178,303.6492404,2054.90589,105.1227113,19.61640075,49.60589202,0.655809672,0.411356763,0,15.28432588,2.581594484,1.601445984,305.4600914
Heron Island,TS- 015,10/10/11,2:04,-23.506643,152.091408,14.07,0.192444444,7.85,15.2566889,3.302820443,16.29678956,5.124711937,524.30881,37.255,23.2,7.895,73.5,2329,2203.295,1.349025823,0.402653704,884.9,1.76,14.794,7.18,-29.04396279,,2067.5,12.2,135.806475,14.769408,6.25,0.717492343,0.63153348,,,,,0.9,0.9883,0.2062,,,,,,,7.759683609,882.0245361,884.909729,2067.74581,108.596566,26.95263114,41.17779014,2.732254707,0.427717213,0,14.79377019,2.711585524,1.755476022,910.0200977,,0,0,8.118070223,328.862951,330.314339,2082.53159,99.43569366,21.32772414,46.83279317,0.611524255,0.419385176,0,15.82343109,2.441024672,1.514684594,332.2841156
Heron Island,TS- 016,10/10/11,3:02,-23.506643,152.091408,15.03,0.194888889,7.808333333,16.79927254,3.454310527,30.73417698,8.091147117,581.2229783,37.27833333,23.2,7.851,69.5,2330,2207.19,1.584898656,0.425208278,906.4,1.73,14.892,7.17,-39.12811947,,2067.4,12.2,139.762754,15.410354,5.92,0.736875924,0.848022732,,,,,0.8,0.974,0.2046,,,,,,,7.749836922,903.4695435,906.4248657,2072.699816,106.9079844,27.58223108,40.6962947,2.680503658,0.450893609,0,14.89176957,2.665958303,1.726925813,932.1432589,,0,0,8.107532118,337.4501923,338.9394788,2087.591475,97.73710852,21.86144803,46.22682002,0.59848906,0.442233889,0,15.95285424,2.397533582,1.488549328,340.9604949
Heron Island,TS- 017,10/10/11,4:05,-23.506643,152.091408,16.08,0.540111111,7.831666667,19.1896646,3.677972263,36.88592055,9.943890555,581.6342682,37.27166667,22.7,7.873,74.4,2327,2180.29,1.660548166,0.40706066,766.1,1.94,13.975,7.22,-25.65664104,,2066.7,12.3,113.596396,11.266365,6.4,0.692582835,0.967965331,,,,,0.9,1.1761,0.2234,,,,,,,7.812941074,763.5846558,766.0977783,2036.320199,120.3937004,23.5760438,46.48196382,2.984866108,0.436413271,0,13.97482411,2.990993692,1.937031482,787.1641727,,0,0,8.167547113,288.1266657,289.3982701,2050.389609,111.2753205,18.62501276,52.94374167,0.69103628,0.427008959,0,14.78040259,2.725362112,1.694046425,291.1235375
Heron Island,TS- 018,10/10/11,5:07,-23.506643,152.091408,17.12,1.112055556,7.858333333,16.9764408,3.472370495,29.59240988,8.977212777,499.3241723,37.25166667,22.6,7.942,84.2,2314,2146.03,1.691733242,0.405142908,661.1,2.14,13.197,7.24,0.66470852,,2056.9,12.3,89.162324,8.062800,7.26,0.890138291,0.801594951,,,,,0.6,0.9552,0.2024,,,,,,,7.867574692,658.9752197,661.1467896,1992.878747,132.7386937,20.41263651,51.42913515,3.347004183,0.439123023,0,13.19725406,3.299742848,2.13564021,679.2152967,,0,0,8.223804036,247.8316759,248.9254443,2006.415537,123.5833088,16.03123222,58.76753359,0.785247179,0.428675735,0,13.84076042,3.028287848,1.881672854,250.4095227
Heron Island,TS- 019,10/10/11,6:00,-23.506643,152.091408,18.00,1.566388889,7.801666667,15.48423876,3.330696627,10.62307904,7.878028276,504.5757343,37.26166667,22,7.96,87.3,2317,2093.56,1.656492964,0.394408015,467.7,2.70,11.507,7.32,6.064391279,,2064.4,12.5,29.181338,2.124202,7.51,0.884905081,0.771587883,,,,,0,0.9724,0.2046,,,,,,,7.997894764,466.171936,467.7195435,1910.690714,168.1980964,14.67125174,65.34941697,4.281994993,0.439268928,0,11.50685491,4.175116414,2.698069699,480.0312441,,0,0,8.350887874,177.2596294,178.0419386,1923.229025,158.867153,11.4638843,74.70923501,1.052721579,0.426565,0,11.88568605,3.892320694,2.418808625,179.1033942
Heron Island,TS- 020,10/10/11,7:07,-23.506643,152.091408,19.12,1.796666667,7.873333333,13.11205405,3.045964058,10.65653435,7.688677349,493.139956,37.24333333,23.1,7.8,74.2,2333,2161.69,1.444522978,0.399735105,667.1,2.19,13.135,7.18,-26.31954661,,2069.7,12.2,91.962705,8.147254,6.34,0.770152855,0.674370123,,,,,0.4,0.7235,0.1754,,,,,,,7.868267536,664.9489746,667.126709,2005.727919,135.6150266,20.34708799,51.6413576,3.493786342,0.434166603,0,13.13506202,3.379501022,2.188974542,685.9374049,,0,0,8.23230385,244.8591878,245.9398376,2019.600578,126.2325067,15.85694897,59.23181918,0.798457884,0.423531107,0,13.78473536,3.095700315,1.922410032,247.4062677
Heron Island,TS- 021,10/10/11,8:06,-23.506643,152.091408,20.10,1.740444444,7.948333333,12.84360557,2.98417859,8.430448324,7.581078158,407.5138627,37.21,23.3,7.873,95.6,2312,2108.62,1.070509113,0.371579016,540.3,2.52,12.065,7.18,29.17077906,,2053.4,12.2,55.229131,4.266360,8.11,0.588939579,0.481569535,,,,,0.6,0.7464,0.1758,,,,,,,7.946341991,538.5056152,540.2649536,1936.297038,155.890039,16.4329371,59.04351302,4.216754203,0.410981016,0,12.06489363,3.900190597,2.52368461,555.6932329,,0,0,8.317288071,194.8510821,195.7110285,1949.613292,146.3519314,12.65479102,68.06125004,0.963880728,0.399413861,0,12.54611776,3.596373275,2.229831114,196.8782724
Heron Island,TS- 022,10/10/11,9:07,-23.506643,152.091408,21.12,1.411722222,7.976666667,10.61345667,2.679819306,19.50276059,9.566362394,373.3091477,37.18,23.6,7.979,105.6,2299,2067.665,1.032327386,0.360905466,464.2,2.82,11.231,7.13,55.93867396,,2039.6,12.1,28.039023,1.934499,8.92,0.569770181,0.462557205,,,,,0.8,0.4991,0.1436,,,,,,,7.999650478,462.6660156,464.1720276,1879.741778,173.9306191,13.99270693,66.3834478,4.918031785,0.405188107,0,11.23050584,4.347857496,2.817661023,477.6748756,,0,0,8.377470634,164.5197932,165.2458769,1892.88758,164.1059516,10.67157245,76.70117224,1.110724595,0.392336987,0,11.61637874,4.029126778,2.499867398,166.2313109
Heron Island,TS- 023,10/10/11,10:08,-23.506643,152.091408,22.13,0.951222222,8.001666667,11.80275995,2.81238791,19.75010266,8.2366906,352.2920314,37.135,23.9,8.01,115.5,2301,2004.62,1.038988484,0.362413193,339.5,3.51,9.847,7.08,81.74969923,,2037.2,12.0,-32.628535,-1.808282,9.7,0.580557876,0.458430608,,,,,1.3,0.6634,0.1624,,,,,,,8.11163044,338.3821411,339.4795532,1778.065599,216.4110578,10.14326422,82.68477873,6.564793145,0.420369593,0,9.847181778,5.405226889,3.508213263,349.539204,,0,0,8.498211885,117.7477787,118.2674411,1790.866473,206.1251446,7.628303301,95.56068759,1.471365876,0.404172436,0,10.1128766,5.056388294,3.139321149,118.9726428
Heron Island,TS- 024,10/10/11,11:11,-23.506643,152.091408,23.18,0.519277778,7.971666667,12.00963785,2.850041233,11.07046608,5.637262093,399.3565354,37.05,25,7.946,102.9,2332,2126.085,1.710238671,0.420136243,586.4,2.58,11.964,6.94,48.3641708,,2053.7,11.6,72.374795,5.410288,8.49,1.015849558,0.694389114,,,,,3.7,0.6887,0.1675,,,,,,,7.916853905,584.5672607,586.4377441,1950.552214,158.5146626,17.01799723,59.55392638,4.639633771,0.465506474,0,11.96361628,3.964045004,2.582490658,605.0339152,,0,0,8.312696098,197.8696776,198.7429461,1965.042221,148.2374964,12.80515625,69.30222527,0.962502985,0.451234697,0,12.48617801,3.633578791,2.257247032,199.9278881
Heron Island,TS- 025,10/10/11,11:56,-23.506643,152.091408,23.93,0.304833333,8.033333333,10.40519302,2.614203172,16.88293269,5.448523364,390.4173349,36.95666667,25.2,8.084,127.1,2300,2008.35,1.175387493,0.380383242,366.1,3.49,9.892,6.92,109.691218,,2026.1,11.6,-17.742285,-0.978466,10.43,0.685421977,0.489965517,,,,,2.5,0.5626,0.1494,,,,,,,8.083255768,364.95224,366.1171265,1783.794489,213.9826793,10.57269914,81.26990466,6.922057983,0.441075453,0,9.892347767,5.355289275,3.490491411,377.8706988,,0,0,8.489046124,120.5996339,121.1318825,1797.247543,203.2959812,7.806343264,94.68112097,1.443802922,0.423317535,0,10.18289717,4.983948283,3.095761145,121.8541076
Heron Island,TS- 026,10/10/11,13:04,-23.506643,152.091408,25.07,0.239611111,8.101666667,12.04011597,2.767725413,18.78980947,5.755782972,349.6807877,36.86666667,26.3,8.145,151.2,2272,1959.915,1.369894408,0.380896579,337.9,3.72,9.465,6.79,167.382055,,1994.1,11.2,-34.185220,-1.746100,12.15,0.784681617,0.585212791,,,,,1.2,0.701,0.1634,,,,,,,8.106323242,336.8066406,337.8674011,1723.960243,226.4597734,9.495024178,86.26966728,8.028384672,0.447681777,0,9.464948456,5.686610445,3.717746551,349.4704384,,0,0,8.529872384,106.1700418,106.6386076,1737.528737,215.5110196,6.875283677,101.0574335,1.584374235,0.427943127,0,9.743072379,5.2850226,3.282023755,107.2744443
Heron Island,TS- 027,10/10/11,14:16,-23.506643,152.091408,26.27,0.196277778,8.117692308,14.23106795,2.997419124,16.09456704,5.017608003,339.7179915,36.85923077,25.7,8.216,163.6,2253,1880.415,1.574674977,0.367995337,229.8,4.45,8.651,6.94,207.1276828,,1993.785645,11.52956226,-113.370645,-4.906062,13.57,0.8481798,0.726495177,,,,,1.7,0.8047,0.1746,,,,,,,8.246461868,229.0651703,229.7919159,1603.83875,269.9527665,6.623500287,98.46181905,10.0814452,0.44878344,0,8.650926853,6.874200042,4.454198083,237.4076581,,0,0,8.665919413,72.99491365,73.3170659,1615.719041,259.9117901,4.784185793,114.6625514,2.09941804,0.428135435,0,8.883249163,6.426970435,3.963244602,73.75470139
Heron Island,TS- 028,10/10/11,14:50,-23.506643,152.091408,26.83,0.195666667,8.093076923,19.8685381,3.540616979,35.52875133,9.014623394,348.0527236,36.91769231,26.1,8.209,157.9,2247,1883.8,1.687685179,0.402566534,240.5,4.37,8.750,6.90,182.3620745,,1987.225342,11.42938936,-103.425342,-4.557268,12.74,0.83030978,0.857375399,,,,,1.4,1.1013,0.2052,pCO2 from tyler,,,,,,8.230964661,239.7500916,240.507019,1612.992138,263.9357657,6.872121519,95.5579298,10.01766062,0.489321179,0,8.750054521,6.742203676,4.369461745,248.6765765,,0,0,8.656217966,75.19163081,75.52347794,1624.996059,253.8682718,4.935694764,111.6807966,2.044443505,0.466971395,0,8.991952102,6.28396051,3.871260662,75.97434643
Cook Islands,WC 1,3/17/12,7:00,###############################################################################################################################################################################################################################################################,-159.734647,0.00,0.754189762,7.844772,163.3678349,,23.52809233,4.976344894,664.7702987,34.9,26.18,,,2293.522,2105.024902,2.335714286,0.903225806,742.4,2.29,12.089,6.62,-36.08343808,,1986.086548,10.99804427,118.938354,9.415140,5.47,0.607142857,1.729,,,,,,9745,,799.0,,,,,,7.80591011,740.0952148,742.4295654,1941.368007,143.2436844,20.41318425,60.33604516,4.365019138,0.982020083,0,12.08896015,3.457512734,2.28687728,767.6712676,,0,0,8.213803667,243.153213,244.2263338,1957.605747,132.1228738,15.29625579,69.90644471,0.819291225,0.951450385,0,12.72318592,3.168482885,1.990792533,245.6787028
Cook Islands,WC 2,3/17/12,9:00,###############################################################################################################################################################################################################################################################,-159.734647,2.00,0.61108619,7.846519051,207.0374266,,27.31477462,5.303822945,765.0586258,34.5,27.5,8.034,96.6,2358.432,2130.005859,2.814285714,0.738709677,652.8,2.75,11.194,6.50,36.39320585,,2029.674072,10.67190287,100.331787,6.744733,7.66,0.985714286,1.829,,,,,,12505,,658.0,,,,,,7.865718365,650.7833252,652.8034058,1941.838957,170.7503814,17.41663611,68.70177803,5.584754675,0.819612167,0,11.19353901,4.145909881,2.751710429,676.8601798,,0,0,8.2974153,200.8825588,201.7691242,1958.585258,158.7532259,12.66749088,80.56843712,0.988020383,0.78888246,0,11.70049217,3.814779813,2.395226614,202.9692707
Cook Islands,WC 3,3/17/12,11:24,###############################################################################################################################################################################################################################################################,-159.734647,4.40,0.503425119,7.95022341,263.8247804,,27.54589849,5.745494815,647.8539672,32.5,28.1,8.091,115.3,2496.386,2251.452881,2.514285714,0.648387097,650.0,3.07,11.249,6.50,79.25551335,,2147.015381,10.62684028,104.437500,6.640811,9.04,0.821428571,1.693,,,,,,16040,,636.8,,,,,,7.895531178,647.9667969,649.9636841,2046.581282,187.6038333,17.26765137,67.81611983,6.066854834,0.727025208,0,11.24894716,4.63962915,3.071806547,674.830088,,0,0,8.338709805,193.7369893,194.5920188,2063.799485,175.2887656,12.36451579,80.25741706,1.057269592,0.698896962,0,11.75785277,4.252735749,2.659016715,195.7507425
Cook Islands,WC 4,3/17/12,13:12,###############################################################################################################################################################################################################################################################,-159.734647,6.20,0.580263929,8.075313538,211.9199694,,10.42806663,4.961698489,465.1847382,34.7,28.9,8.275,139,2247.282,1889.580688,2.335714286,0.616129032,335.4,4.04,8.583,6.34,136.8208205,,1927.640991,10.31269576,-38.060303,-1.666234,10.72,0.964285714,1.371,,,,,,12919,,319.0,,,,,,8.082378387,334.3510437,335.371521,1631.506042,249.4282407,8.646461416,105.7710918,10.42422065,0.732463365,0,8.582846296,6.063454131,4.044380323,348.8199065,,0,0,8.54421457,95.63414409,96.05621124,1646.817357,236.740015,6.023372502,124.5476758,1.748682069,0.690995532,0,8.838957574,5.683077378,3.569540155,96.62750235
Cook Islands,WC 5,3/17/12,15:40,###############################################################################################################################################################################################################################################################,-159.734647,8.67,0.800607738,8.076712,130.1769534,,1.055916433,3.133239918,369.2863866,35.2,29.5,8.263,133.8,2183.107,1784.65918,2.128571429,0.606451613,271.4,4.41,7.965,6.26,123.6381671,,1868.582397,10.14432477,-83.923218,-3.261100,10.22,0.55,1.579,,,,,,7780,,250.0,,,,,,8.140162468,270.5918884,271.4118347,1506.008288,271.7677104,6.883224887,120.1773314,12.65554342,0.737556167,0,7.964600806,6.585541182,4.405350809,282.6919097,,0,0,8.61298447,75.28778533,75.62005683,1520.787845,259.1437077,4.727670704,141.280869,2.062115591,0.690959567,0,8.201953357,6.205110119,3.900609338,76.06968155
Cook Islands,WC 6,3/17/12,17:25,###############################################################################################################################################################################################################################################################,-159.734647,10.42,0.853099643,8.085839,126.8885923,,11.34527041,3.436768047,378.2765138,33.1,27.9,8.248,100.8,2334.485,1982.638428,1.314285714,0.596774194,344.6,4.10,8.925,6.50,58.95482122,,2015.185059,10.64537508,-32.546631,-1.474260,8.39,0.321428571,0.993,,,,,,7689,,364.0,,,,,,8.094425201,343.5434265,344.6046753,1722.011007,251.4562572,9.171115192,99.32523607,9.536516717,0.707778637,0,8.924564976,6.184303072,4.09784505,357.6256808,,0,0,8.54214388,101.8493932,102.2988905,1736.988139,239.1734757,6.476765266,116.7786712,1.70319313,0.670791201,0,9.186249113,5.786427957,3.623008409,102.9078426
Cook Islands,WC 7,3/17/12,19:15,###############################################################################################################################################################################################################################################################,-159.734647,12.25,0.78846631,8.077055179,130.281762,,7.410350287,3.73266194,401.1539547,34.9,26.4,8.181,100.2,2246.586,1907.741821,2.585714286,0.583870968,332.8,3.78,8.852,6.60,61.86584446,,1946.544556,10.93867522,-38.802734,-1.838659,8.58,0.585714286,2.000,,,,,,7788,,374.4,,,,,,8.087545395,331.7213135,332.7648315,1662.20746,236.4342914,9.100016047,102.3222674,8.512585922,0.683833219,0,8.852425518,5.709133201,3.778747167,344.2314255,,0,0,8.510920564,105.0808931,105.544652,1676.81778,224.31357,6.610417355,118.8711264,1.623884737,0.649575374,0,9.089407392,5.379338845,3.37989757,106.1723066
Cook Islands,WC 8,3/17/12,21:15,###############################################################################################################################################################################################################################################################,-159.734647,14.25,0.628175476,8.004778077,152.0357645,,17.27697148,3.922373764,459.7650712,31.9,26.1,8.066,93.4,2425.370,2165.59375,4.057142857,0.703225806,520.0,3.17,10.798,6.75,27.90735433,,2110.925293,11.19143884,54.668457,3.356752,7.64,0.914285714,3.143,,,,,,8958,,580.7,,,,,,7.969121933,518.3391724,519.975647,1956.157671,194.8878113,14.54819078,72.68618764,5.966542895,0.795223815,0,10.79818758,4.820811088,3.166906789,537.5977028,,0,0,8.384827041,166.8203167,167.5565535,1971.461177,183.4474011,10.68509453,85.08779814,1.165698028,0.764973787,0,11.19373173,4.462889302,2.786201586,168.5546186
Cook Islands,WC 9,3/17/12,23:25,###############################################################################################################################################################################################################################################################,-159.734647,16.42,0.523343929,7.862848769,205.2030101,,24.74457224,5.00167439,566.0005378,33.8,25.9,8.039,87.9,2440.219,2186.547852,3.078571429,0.722580645,565.0,3.04,10.902,6.70,14.76580021,,2113.654785,11.13749102,72.893066,4.594804,7.17,0.657142857,2.421,,,,,,12403,,635.3,,,,,,7.93439436,563.2385254,565.0211182,1981.271458,189.5442122,15.73229465,73.45083989,5.610622488,0.809127395,0,10.90220992,4.614836706,3.04340336,583.9167724,,0,0,8.345482611,183.7455303,184.556464,1997.082349,177.8299615,11.63565467,85.60871683,1.093363704,0.778809397,0,11.3131277,4.287926817,2.688745512,185.6546482
Cook Islands,WC 10,3/18/12,1:23,###############################################################################################################################################################################################################################################################,-159.734647,18.38,0.512950595,7.804466641,222.146651,,22.74470021,4.241667035,683.6366147,31.9,25.3,7.985,81.5,2607.840,2393.364502,3.307142857,0.651612903,727.7,2.76,12.413,6.84,-3.422037749,,2266.247803,11.41765245,127.116699,9.352587,6.73,1.742857143,1.564,,,,,,13332,,823.9,,,,,,7.872551441,725.3410645,727.6535645,2201.937818,170.6563836,20.77023921,59.43515718,4.45141143,0.716420129,0,12.41267036,4.21391458,2.76155354,751.1344155,,0,0,8.272184027,243.3125895,244.3864136,2218.507261,159.2726386,15.58454073,69.1988287,0.899379631,0.69455989,0,13.01417297,3.874768192,2.419034969,245.8421225
Cook Islands,WC 11,3/18/12,3:31,###############################################################################################################################################################################################################################################################,-159.734647,20.52,0.631210595,7.768722385,196.3163767,,7.339006317,4.239892021,715.7310865,32.3,24.5,8.01,86.7,2563.526,2348.763916,2.257142857,0.638709677,689.1,2.72,12.291,6.92,10.35548088,,2235.211914,11.62762475,113.552002,8.404917,7.25,0.55,1.707,,,,,,11805,,796.0,,,,,,7.88488245,686.9246826,689.1361694,2159.756066,168.9752602,20.03254218,60.83329176,4.298076425,0.70174571,0,12.29086966,4.152410551,2.717627161,710.301042,,0,0,8.272707293,237.9381096,238.9882143,2175.611905,157.948232,15.20373165,70.43710641,0.90563343,0.680699893,0,12.84922733,3.835559339,2.397000831,240.4114567
Cook Islands,WC 12,3/18/12,5:30,###############################################################################################################################################################################################################################################################,-159.734647,22.50,0.7893125,7.775305744,160.4365935,,8.437498371,3.922488536,704.4724429,33.3,24.9,7.939,89.8,2478.224,2278.0896,1.928571429,0.574193548,729.3,2.51,12.399,6.83,19.62658143,,2156.376221,11.45001273,121.713379,9.426578,7.46,0.892857143,1.036,,,,,,9756,,787.2,,,,,,7.847290516,726.9833374,729.3123779,2100.502826,156.7101059,20.87659096,59.52697772,4.162261517,0.626709902,0,12.39852658,3.823658326,2.511341338,752.2571207,,0,0,8.238878655,249.3230799,250.4234305,2116.574529,145.6791738,15.83582059,68.83973872,0.849566799,0.608136643,0,13.0071252,3.521139676,2.205631291,251.913957
Cook Islands,WC 13,3/18/12,7:40,###############################################################################################################################################################################################################################################################,-159.734647,24.67,0.810829286,7.794491641,146.6288123,,3.616041565,3.765344108,712.965786,33.7,25.3,,88.8,2504.700,2310.215332,2.514285714,0.709677419,786.5,2.46,12.600,6.77,17.50293587,,2171.78418,11.31152099,138.431152,10.929879,7.33,0.714285714,1.800,,,,,,8790,,839.8,,,,,,7.821716785,784.0048218,786.5042725,2134.192766,153.7810969,22.24139975,58.09235519,4.096649863,0.771544504,0,12.59973445,3.742915908,2.463370441,811.8585848,,0,0,8.218128848,265.4174521,266.5888327,2150.892544,142.5051069,16.81761173,67.24016094,0.814370651,0.748954778,0,13.26569344,3.437820121,2.155250493,268.1752288
Cook Islands,WC 14,3/18/12,9:30,###############################################################################################################################################################################################################################################################,-159.734647,26.50,0.701818452,7.824681308,148.0843095,,9.831051024,4.137061619,709.1135009,33.1,25.5,7.928,97.5,2464.360,2258.549072,2.071428571,0.651612903,713.5,2.58,12.195,6.77,39.06580109,,2140.903076,11.28996592,117.645996,8.847123,8.02,0.7,1.371,,,,,,8873,,761.1,,,,,,7.854101181,711.1890259,713.4508057,2078.246169,160.1657212,20.13708868,60.63903927,4.443023145,0.714257067,0,12.19453743,3.918803018,2.577318887,736.7419604,,0,0,8.255166318,237.8025174,238.8520236,2094.48518,148.9415575,15.12224115,70.42532986,0.879602255,0.692043455,0,12.78749306,3.603407902,2.256172068,240.2738324
Cook Islands,WC 15,3/18/12,11:30,###############################################################################################################################################################################################################################################################,-159.734647,28.50,0.585463929,7.908924641,168.6376138,,16.8281034,4.215738768,645.1672503,33.5,26.8,8.035,106.4,2470.360,2215.346436,2.728571429,0.674193548,590.7,3.10,10.945,6.61,65.68122724,,2131.788086,10.91011577,83.558350,5.201950,8.71,0.778571429,1.950,,,,,,10017,,577.5,,,,,,7.923489094,588.876709,590.7202148,2007.228647,192.0056084,16.11206575,72.485855,5.889715047,0.756431968,0,10.9445171,4.694897146,3.102889296,611.5943536,,0,0,8.348044354,185.2709121,186.0885779,2023.637147,179.9557695,11.75340516,84.99294055,1.095353478,0.727245584,0,11.38027,4.345468815,2.723150047,187.1960605
,,,,,,,,,,,,,,,,,,,,,,,,,,,,,,,,,,,,,,,,,,,,,,,,,,,,,,,,,,,,,,,,,,,,,,,,,,,,,,